<step title="Incoming Request" date="2025-12-02T06:09:59.006" instance="a3822c" url="/api/publish?type=zip" method="POST" type="request" pid="833,1,63" Accept="*/*" Host="the-anonymous-backend.scm.azurewebsites.net" User-Agent="AZURECLI/2.80.0 (HOMEBREW)" Accept-Encoding="gzip, deflate" Authorization="Bea..." Cache-Control="no-cache" Content-Type="application/octet-stream" Cookie="ARRAffinity=a3822c2d8e6c282e858ccf385ab6ea78b8bef2fd91cc6dcf216d29853550333c; ARRAffinitySameSite=a3822c2d8e6c282e858ccf385ab6ea78b8bef2fd91cc6dcf216d29853550333c" Content-Length="30886" x-ms-client-request-id="7fed4d52-cf45-11f0-81cf-1672c2eade08" x-ms-artifact-checksum="67bb7c12a59ae19d07dfea177116d61727690670754a65fa3fa6c87f9d1c0f8c" X-ARR-LOG-ID="7fed4d52-cf45-11f0-81cf-1672c2eade08" CLIENT-IP="165.99.46.241:62042" X-SITE-DEPLOYMENT-ID="the-anonymous-backend" WAS-DEFAULT-HOSTNAME="the-anonymous-backend.scm.azurewebsites.net" X-Forwarded-Proto="https" X-AppService-Proto="https" X-Forwarded-TlsVersion="1.3" X-WAWS-Unencoded-URL="/api/publish?type=zip" X-Client-IP="165.99.46.241" X-Client-Port="62042" >
  <step title="OneDeploy" date="2025-12-02T06:09:59.028" >
    <step title="Starting PushDeployAsync" date="2025-12-02T06:09:59.058" /><!-- duration: 2ms -->
    <step title="Removing node_modules symlink" date="2025-12-02T06:09:59.069" >
      <step title="Writing artifact to /tmp/zipdeploy/edc19c04-430f-460f-a711-4f88ace77cd5.zip" date="2025-12-02T06:09:59.137" >
        <step title="Writing multipart request body to /tmp/zipdeploy/edc19c04-430f-460f-a711-4f88ace77cd5.zip" date="2025-12-02T06:09:59.139" /><!-- duration: 8ms -->
      </step><!-- duration: 61ms -->
      <step title="Attempting to fetch target branch HEAD" date="2025-12-02T06:09:59.219" /><!-- duration: 1ms -->
      <step title="Acquiring Deployment Lock" date="2025-12-02T06:09:59.237" /><!-- duration: 2ms -->
      <step title="Acquired Deployment Lock" date="2025-12-02T06:09:59.267" /><!-- duration: 1ms -->
      <step title="Performing fetch based deployment" date="2025-12-02T06:09:59.271" >
        <step title="Creating temporary deployment" date="2025-12-02T06:09:59.274" /><!-- duration: 44ms -->
        <step title="Releasing Deployment Lock" date="2025-12-02T06:10:00.449" /><!-- duration: 6ms -->
        <step title="Cleaning up temp folders from previous zip deployments and extracting pushed zip file /tmp/zipdeploy/edc19c04-430f-460f-a711-4f88ace77cd5.zip (0.03 MB) to /tmp/zipdeploy/extracted" date="2025-12-02T06:10:00.472" >
          <step title="ChmodRecursive Process exited with total time taken in ms: 36" date="2025-12-02T06:10:00.560" /><!-- duration: 9ms -->
        </step><!-- duration: 98ms -->
        <step title="None repository commit" date="2025-12-02T06:10:00.581" >
          <step title="Commit id: 3a112d45-ce67-4fcd-a897-3166f4d78317" date="2025-12-02T06:10:00.589" Message="OneDeploy" AuthorName="N/A" AuthorEmail="N/A" /><!-- duration: 1ms -->
        </step><!-- duration: 10ms -->
        <step title="Deployment timer started" date="2025-12-02T06:10:02.598" >
          <step title="DeploymentManager.Deploy(id:3a112d45-ce67-4fcd-a897-3166f4d78317)" date="2025-12-02T06:10:02.610" >
            <step title="Collecting changeset information" date="2025-12-02T06:10:02.670" /><!-- duration: 139ms -->
            <step title="Updating submodules" date="2025-12-02T06:10:02.839" /><!-- duration: 1180ms -->
            <step title="Determining deployment builder" date="2025-12-02T06:10:04.220" >
              <step title="Builder is OneDeployBuilder" date="2025-12-02T06:10:04.227" /><!-- duration: 1ms -->
            </step><!-- duration: 13ms -->
            <step title="PreDeployment: context.CleanOutputPath False" date="2025-12-02T06:10:04.284" >
              <step title="PreDeployment: context.OutputPath /home/site/wwwroot" date="2025-12-02T06:10:04.426" >
                <step title="Building" date="2025-12-02T06:10:04.579" >
                  <step title="Executing external process" date="2025-12-02T06:10:05.100" type="process" path="starter.sh" arguments="/opt/Kudu/Scripts/parallel_rsync.sh /tmp/zipdeploy/extracted /home/site/wwwroot 8 /tmp/ False False  " /><!-- duration: 3465ms -->
                  <step title="Modified file to trigger a restart of the app container." date="2025-12-02T06:10:08.917" /><!-- duration: 2ms -->
                  <step title="Skip function trigger and logicapp sync because function is not enabled." date="2025-12-02T06:10:08.921" /><!-- duration: 3ms -->
                  <step title="Purge deployment items" date="2025-12-02T06:10:10.193" >
                    <step title="Remove 369fcbf6-, Success, received at 12/01/2025 11:48:35" date="2025-12-02T06:10:10.250" /><!-- duration: 1ms -->
                  </step><!-- duration: 60ms -->
                </step><!-- duration: 5741ms -->
              </step><!-- duration: 5897ms -->
              <step title="Cleaning up temp files" date="2025-12-02T06:10:10.324" /><!-- duration: 2ms -->
              <step title="Cleaning up temp files" date="2025-12-02T06:10:10.329" /><!-- duration: 502ms -->
              <step title="Reloading status file with latest updates" date="2025-12-02T06:10:10.876" >
                <step title="WebHooksManager.PublishEventAsync: PostDeployment" date="2025-12-02T06:10:10.878" /><!-- duration: 33ms -->
              </step><!-- duration: 36ms -->
              <step title="Cleaning up temporary deployment - fetch deployment was successful" date="2025-12-02T06:10:10.915" /><!-- duration: 1ms -->
            </step><!-- duration: 6692ms -->
          </step><!-- duration: 8368ms -->
          <step title="Outgoing response" date="2025-12-02T06:10:10.979" type="response" statusCode="200" statusText="OK" /><!-- duration: 1ms -->
        </step><!-- duration: 8384ms -->
