<step title="Incoming Request" date="2025-12-01T07:32:45.041" instance="a3822c" url="/api/publish?type=zip" method="POST" type="request" pid="833,1,56" Accept="*/*" Host="the-anonymous-backend.scm.azurewebsites.net" User-Agent="AZURECLI/2.80.0 (HOMEBREW)" Accept-Encoding="gzip, deflate" Authorization="Bea..." Cache-Control="no-cache" Content-Type="application/octet-stream" Cookie="ARRAffinity=a3822c2d8e6c282e858ccf385ab6ea78b8bef2fd91cc6dcf216d29853550333c; ARRAffinitySameSite=a3822c2d8e6c282e858ccf385ab6ea78b8bef2fd91cc6dcf216d29853550333c" Content-Length="49921" x-ms-client-request-id="e7a036e4-ce87-11f0-94b5-1672c2eade08" x-ms-artifact-checksum="a22f8484045dd69278091d779ab7f9cdd61dc8f2c906134258ff8a6040cabc44" X-ARR-LOG-ID="e7a036e4-ce87-11f0-94b5-1672c2eade08" CLIENT-IP="36.255.86.187:55889" X-SITE-DEPLOYMENT-ID="the-anonymous-backend" WAS-DEFAULT-HOSTNAME="the-anonymous-backend.scm.azurewebsites.net" X-Forwarded-Proto="https" X-AppService-Proto="https" X-Forwarded-TlsVersion="1.3" X-WAWS-Unencoded-URL="/api/publish?type=zip" X-Client-IP="36.255.86.187" X-Client-Port="55889" >
  <step title="OneDeploy" date="2025-12-01T07:32:45.102" >
    <step title="Starting PushDeployAsync" date="2025-12-01T07:32:45.131" /><!-- duration: 19ms -->
    <step title="Writing artifact to /tmp/zipdeploy/767bb2d6-6126-4824-8846-09fb1f54ab32.zip" date="2025-12-01T07:32:45.190" >
      <step title="Writing multipart request body to /tmp/zipdeploy/767bb2d6-6126-4824-8846-09fb1f54ab32.zip" date="2025-12-01T07:32:45.192" /><!-- duration: 17ms -->
    </step><!-- duration: 51ms -->
    <step title="Attempting to fetch target branch HEAD" date="2025-12-01T07:32:45.246" /><!-- duration: 4ms -->
    <step title="Acquiring Deployment Lock" date="2025-12-01T07:32:45.271" /><!-- duration: 2ms -->
    <step title="Acquired Deployment Lock" date="2025-12-01T07:32:45.298" /><!-- duration: 1ms -->
    <step title="Performing fetch based deployment" date="2025-12-01T07:32:45.302" >
      <step title="Creating temporary deployment" date="2025-12-01T07:32:45.304" /><!-- duration: 101ms -->
      <step title="Releasing Deployment Lock" date="2025-12-01T07:32:46.536" /><!-- duration: 2ms -->
      <step title="Cleaning up temp folders from previous zip deployments and extracting pushed zip file /tmp/zipdeploy/767bb2d6-6126-4824-8846-09fb1f54ab32.zip (0.05 MB) to /tmp/zipdeploy/extracted" date="2025-12-01T07:32:46.557" >
        <step title="ChmodRecursive Process exited with total time taken in ms: 38" date="2025-12-01T07:32:46.648" /><!-- duration: 2ms -->
      </step><!-- duration: 103ms -->
      <step title="None repository commit" date="2025-12-01T07:32:46.670" >
        <step title="Commit id: 3caac678-3bd3-4284-91d3-d7581fc52755" date="2025-12-01T07:32:46.678" Message="OneDeploy" AuthorName="N/A" AuthorEmail="N/A" /><!-- duration: 1ms -->
      </step><!-- duration: 10ms -->
      <step title="Deployment timer started" date="2025-12-01T07:32:48.684" >
        <step title="DeploymentManager.Deploy(id:3caac678-3bd3-4284-91d3-d7581fc52755)" date="2025-12-01T07:32:48.687" >
          <step title="Collecting changeset information" date="2025-12-01T07:32:48.709" /><!-- duration: 80ms -->
          <step title="Updating submodules" date="2025-12-01T07:32:48.791" /><!-- duration: 1149ms -->
          <step title="Determining deployment builder" date="2025-12-01T07:32:50.213" >
            <step title="Builder is OneDeployBuilder" date="2025-12-01T07:32:50.217" /><!-- duration: 15ms -->
          </step><!-- duration: 20ms -->
          <step title="PreDeployment: context.CleanOutputPath False" date="2025-12-01T07:32:50.286" >
            <step title="PreDeployment: context.OutputPath /home/site/wwwroot" date="2025-12-01T07:32:50.390" >
              <step title="Building" date="2025-12-01T07:32:50.544" >
                <step title="Executing external process" date="2025-12-01T07:32:51.048" type="process" path="starter.sh" arguments="/opt/Kudu/Scripts/parallel_rsync.sh /tmp/zipdeploy/extracted /home/site/wwwroot 8 /tmp/ False False  " /><!-- duration: 2136ms -->
                <step title="Modified file to trigger a restart of the app container." date="2025-12-01T07:32:53.574" /><!-- duration: 1ms -->
                <step title="Skip function trigger and logicapp sync because function is not enabled." date="2025-12-01T07:32:53.578" /><!-- duration: 6ms -->
              </step><!-- duration: 4099ms -->
            </step><!-- duration: 4266ms -->
            <step title="Cleaning up temp files" date="2025-12-01T07:32:54.658" /><!-- duration: 2ms -->
            <step title="Cleaning up temp files" date="2025-12-01T07:32:54.676" /><!-- duration: 511ms -->
            <step title="Reloading status file with latest updates" date="2025-12-01T07:32:55.216" >
              <step title="WebHooksManager.PublishEventAsync: PostDeployment" date="2025-12-01T07:32:55.220" /><!-- duration: 63ms -->
            </step><!-- duration: 71ms -->
            <step title="Cleaning up temporary deployment - fetch deployment was successful" date="2025-12-01T07:32:55.289" /><!-- duration: 1ms -->
          </step><!-- duration: 5058ms -->
        </step><!-- duration: 6659ms -->
        <step title="Outgoing response" date="2025-12-01T07:32:55.349" type="response" statusCode="200" statusText="OK" /><!-- duration: 3ms -->
      </step><!-- duration: 6669ms -->
