<step title="Incoming Request" date="2025-12-02T07:51:27.506" instance="a3822c" url="/api/publish?type=zip" method="POST" type="request" pid="833,1,27" Accept="*/*" Host="the-anonymous-backend.scm.azurewebsites.net" User-Agent="AZURECLI/2.80.0 (HOMEBREW)" Accept-Encoding="gzip, deflate" Authorization="Bea..." Cache-Control="no-cache" Content-Type="application/octet-stream" Cookie="ARRAffinity=a3822c2d8e6c282e858ccf385ab6ea78b8bef2fd91cc6dcf216d29853550333c; ARRAffinitySameSite=a3822c2d8e6c282e858ccf385ab6ea78b8bef2fd91cc6dcf216d29853550333c" Content-Length="18414420" x-ms-client-request-id="ad846e18-cf53-11f0-923a-1672c2eade08" x-ms-artifact-checksum="852304210c6e517326d1d327ecff61657d7bb2cba118f4ca23cfa73f857d1039" X-ARR-LOG-ID="ad846e18-cf53-11f0-923a-1672c2eade08" CLIENT-IP="165.99.46.241:51811" X-SITE-DEPLOYMENT-ID="the-anonymous-backend" WAS-DEFAULT-HOSTNAME="the-anonymous-backend.scm.azurewebsites.net" X-Forwarded-Proto="https" X-AppService-Proto="https" X-Forwarded-TlsVersion="1.3" X-WAWS-Unencoded-URL="/api/publish?type=zip" X-Client-IP="165.99.46.241" X-Client-Port="51811" >
  <step title="OneDeploy" date="2025-12-02T07:51:27.546" >
    <step title="Starting PushDeployAsync" date="2025-12-02T07:51:27.557" /><!-- duration: 2ms -->
    <step title="Removing node_modules symlink" date="2025-12-02T07:51:27.590" >
      <step title="Writing artifact to /tmp/zipdeploy/b351782b-c4f9-41b8-845b-6e8535a8929a.zip" date="2025-12-02T07:51:27.748" >
        <step title="Writing multipart request body to /tmp/zipdeploy/b351782b-c4f9-41b8-845b-6e8535a8929a.zip" date="2025-12-02T07:51:27.769" /><!-- duration: 12ms -->
      </step><!-- duration: 8769ms -->
      <step title="Attempting to fetch target branch HEAD" date="2025-12-02T07:51:36.523" /><!-- duration: 1ms -->
      <step title="Acquiring Deployment Lock" date="2025-12-02T07:51:36.526" /><!-- duration: 2ms -->
      <step title="Acquired Deployment Lock" date="2025-12-02T07:51:36.553" /><!-- duration: 1ms -->
      <step title="Performing fetch based deployment" date="2025-12-02T07:51:36.557" >
        <step title="Creating temporary deployment" date="2025-12-02T07:51:36.560" /><!-- duration: 50ms -->
        <step title="Releasing Deployment Lock" date="2025-12-02T07:51:37.751" /><!-- duration: 9ms -->
        <step title="Cleaning up temp folders from previous zip deployments and extracting pushed zip file /tmp/zipdeploy/b351782b-c4f9-41b8-845b-6e8535a8929a.zip (17.56 MB) to /tmp/zipdeploy/extracted" date="2025-12-02T07:51:37.779" >
          <step title="ChmodRecursive Process exited with total time taken in ms: 222" date="2025-12-02T07:51:43.144" /><!-- duration: 10ms -->
        </step><!-- duration: 5378ms -->
        <step title="None repository commit" date="2025-12-02T07:51:43.162" >
          <step title="Commit id: 74ca3d04-5c0e-43ce-be62-4f81d3856c9a" date="2025-12-02T07:51:43.172" Message="OneDeploy" AuthorName="N/A" AuthorEmail="N/A" /><!-- duration: 1ms -->
        </step><!-- duration: 12ms -->
        <step title="Deployment timer started" date="2025-12-02T07:51:45.184" >
          <step title="DeploymentManager.Deploy(id:74ca3d04-5c0e-43ce-be62-4f81d3856c9a)" date="2025-12-02T07:51:45.187" >
            <step title="Collecting changeset information" date="2025-12-02T07:51:45.218" /><!-- duration: 82ms -->
            <step title="Updating submodules" date="2025-12-02T07:51:45.302" /><!-- duration: 1121ms -->
            <step title="Determining deployment builder" date="2025-12-02T07:51:46.630" >
              <step title="Builder is OneDeployBuilder" date="2025-12-02T07:51:46.645" /><!-- duration: 1ms -->
            </step><!-- duration: 18ms -->
            <step title="PreDeployment: context.CleanOutputPath False" date="2025-12-02T07:51:46.692" >
              <step title="PreDeployment: context.OutputPath /home/site/wwwroot" date="2025-12-02T07:51:46.832" >
                <step title="Building" date="2025-12-02T07:51:46.964" >
                  <step title="Executing external process" date="2025-12-02T07:51:47.725" type="process" path="starter.sh" arguments="/opt/Kudu/Scripts/absoluteTar.sh /tmp/zipdeploy/extracted/node_modules /tmp/zipdeploy/extracted/node_modules.tar.gz" /><!-- duration: 12343ms -->
                  <step title="Executing external process" date="2025-12-02T07:52:00.691" type="process" path="starter.sh" arguments="/opt/Kudu/Scripts/parallel_rsync.sh /tmp/zipdeploy/extracted /home/site/wwwroot 8 /tmp/ False False node_modules " /><!-- duration: 6683ms -->
                  <step title="Modified file to trigger a restart of the app container." date="2025-12-02T07:52:09.014" /><!-- duration: 28ms -->
                  <step title="Skip function trigger and logicapp sync because function is not enabled." date="2025-12-02T07:52:09.082" /><!-- duration: 32ms -->
                  <step title="Purge deployment items" date="2025-12-02T07:52:11.225" >
                    <step title="Remove 1b7515e0-, Success, received at 12/01/2025 15:16:09" date="2025-12-02T07:52:11.417" /><!-- duration: 2ms -->
                  </step><!-- duration: 222ms -->
                </step><!-- duration: 24572ms -->
              </step><!-- duration: 24713ms -->
              <step title="Cleaning up temp files" date="2025-12-02T07:52:11.547" /><!-- duration: 9ms -->
              <step title="Cleaning up temp files" date="2025-12-02T07:52:11.558" /><!-- duration: 524ms -->
              <step title="Reloading status file with latest updates" date="2025-12-02T07:52:12.138" >
                <step title="WebHooksManager.PublishEventAsync: PostDeployment" date="2025-12-02T07:52:12.145" /><!-- duration: 30ms -->
              </step><!-- duration: 39ms -->
              <step title="Cleaning up temporary deployment - fetch deployment was successful" date="2025-12-02T07:52:12.182" /><!-- duration: 3ms -->
            </step><!-- duration: 25555ms -->
          </step><!-- duration: 27068ms -->
          <step title="Outgoing response" date="2025-12-02T07:52:12.285" type="response" statusCode="200" statusText="OK" /><!-- duration: 2ms -->
        </step><!-- duration: 27112ms -->
