<step title="Incoming Request" date="2025-12-04T07:20:51.045" instance="a3822c" url="/api/publish?type=zip" method="POST" type="request" pid="833,1,32" Accept="*/*" Host="the-anonymous-backend.scm.azurewebsites.net" User-Agent="AZURECLI/2.80.0 (HOMEBREW)" Accept-Encoding="gzip, deflate" Authorization="Bea..." Cache-Control="no-cache" Content-Type="application/octet-stream" Cookie="ARRAffinity=a3822c2d8e6c282e858ccf385ab6ea78b8bef2fd91cc6dcf216d29853550333c; ARRAffinitySameSite=a3822c2d8e6c282e858ccf385ab6ea78b8bef2fd91cc6dcf216d29853550333c" Content-Length="32218" x-ms-client-request-id="bd842e18-d0e1-11f0-aac3-1672c2eade08" x-ms-artifact-checksum="bd034b2700e1008a173f68a3e6b5ec47a8b2411fb237151abb3df4f2a2446130" X-ARR-LOG-ID="bd842e18-d0e1-11f0-aac3-1672c2eade08" CLIENT-IP="165.99.46.241:58329" X-SITE-DEPLOYMENT-ID="the-anonymous-backend" WAS-DEFAULT-HOSTNAME="the-anonymous-backend.scm.azurewebsites.net" X-Forwarded-Proto="https" X-AppService-Proto="https" X-Forwarded-TlsVersion="1.3" X-WAWS-Unencoded-URL="/api/publish?type=zip" X-Client-IP="165.99.46.241" X-Client-Port="58329" >
  <step title="OneDeploy" date="2025-12-04T07:20:51.048" >
    <step title="Starting PushDeployAsync" date="2025-12-04T07:20:51.051" /><!-- duration: 2ms -->
    <step title="Removing node_modules symlink" date="2025-12-04T07:20:51.066" >
      <step title="Writing artifact to /tmp/zipdeploy/ee1fa339-9b04-480a-ad52-12dc04001dac.zip" date="2025-12-04T07:20:51.127" >
        <step title="Writing multipart request body to /tmp/zipdeploy/ee1fa339-9b04-480a-ad52-12dc04001dac.zip" date="2025-12-04T07:20:51.130" /><!-- duration: 5ms -->
      </step><!-- duration: 30ms -->
      <step title="Attempting to fetch target branch HEAD" date="2025-12-04T07:20:51.169" /><!-- duration: 6ms -->
      <step title="Acquiring Deployment Lock" date="2025-12-04T07:20:51.177" /><!-- duration: 14ms -->
      <step title="Acquired Deployment Lock" date="2025-12-04T07:20:51.222" /><!-- duration: 2ms -->
      <step title="Performing fetch based deployment" date="2025-12-04T07:20:51.226" >
        <step title="Creating temporary deployment" date="2025-12-04T07:20:51.228" /><!-- duration: 79ms -->
        <step title="Releasing Deployment Lock" date="2025-12-04T07:20:52.459" /><!-- duration: 2ms -->
        <step title="Cleaning up temp folders from previous zip deployments and extracting pushed zip file /tmp/zipdeploy/ee1fa339-9b04-480a-ad52-12dc04001dac.zip (0.03 MB) to /tmp/zipdeploy/extracted" date="2025-12-04T07:20:52.480" >
          <step title="ChmodRecursive Process exited with total time taken in ms: 37" date="2025-12-04T07:20:52.568" /><!-- duration: 2ms -->
        </step><!-- duration: 92ms -->
        <step title="None repository commit" date="2025-12-04T07:20:52.579" >
          <step title="Commit id: 187ea1ad-ef50-4822-bda7-2bf7141103aa" date="2025-12-04T07:20:52.589" Message="OneDeploy" AuthorName="N/A" AuthorEmail="N/A" /><!-- duration: 1ms -->
        </step><!-- duration: 12ms -->
        <step title="Deployment timer started" date="2025-12-04T07:20:54.595" >
          <step title="DeploymentManager.Deploy(id:187ea1ad-ef50-4822-bda7-2bf7141103aa)" date="2025-12-04T07:20:54.601" >
            <step title="Collecting changeset information" date="2025-12-04T07:20:54.639" /><!-- duration: 80ms -->
            <step title="Updating submodules" date="2025-12-04T07:20:54.721" /><!-- duration: 1128ms -->
            <step title="Determining deployment builder" date="2025-12-04T07:20:56.131" >
              <step title="Builder is OryxBuilder" date="2025-12-04T07:20:56.143" /><!-- duration: 8ms -->
            </step><!-- duration: 22ms -->
            <step title="PreDeployment: context.CleanOutputPath False" date="2025-12-04T07:20:56.262" >
              <step title="PreDeployment: context.OutputPath /home/site/wwwroot" date="2025-12-04T07:20:56.484" >
                <step title="Building" date="2025-12-04T07:20:56.693" >
                  <step title="Executing external process" date="2025-12-04T07:20:57.308" type="process" path="bash" arguments="-c &quot;oryx build /tmp/zipdeploy/extracted -o /home/site/wwwroot --platform nodejs --platform-version 20 -p virtualenv_name= --log-file /tmp/build-debug.log  -i /tmp/8de3305aa82c38e -p compress_node_modules=tar-gz | tee /tmp/oryx-build.log ; exit $PIPESTATUS &quot;" >
                    <step title="Cpu: npm install(121835,24.630s)+build.sh(121752,0.080s)+oryx(121731,8.810s)+tee(121732,0.000s)+bash(121730,0.000s)=total(33.460s)" date="2025-12-04T07:22:21.767" /><!-- duration: 11ms -->
                    <step title="bash: no io activity for 60s, prev-cpu=-1.000s, current-cpu=33.460s" date="2025-12-04T07:22:21.909" /><!-- duration: 38ms -->
                  </step><!-- duration: 168717ms -->
                  <step title="Using GenericDeploymentLogParser" date="2025-12-04T07:23:46.499" /><!-- duration: 6ms -->
                  <step title="Modified file to trigger a restart of the app container." date="2025-12-04T07:23:47.634" /><!-- duration: 2ms -->
                  <step title="Skip function trigger and logicapp sync because function is not enabled." date="2025-12-04T07:23:47.637" /><!-- duration: 5ms -->
                  <step title="Purge deployment items" date="2025-12-04T07:23:48.719" >
                    <step title="Remove 01c76d7b-, Success, received at 12/02/2025 08:00:57" date="2025-12-04T07:23:48.777" /><!-- duration: 1ms -->
                  </step><!-- duration: 67ms -->
                </step><!-- duration: 172157ms -->
              </step><!-- duration: 172368ms -->
              <step title="Cleaning up temp files" date="2025-12-04T07:23:48.854" /><!-- duration: 614ms -->
              <step title="Cleaning up temp files" date="2025-12-04T07:23:49.470" /><!-- duration: 529ms -->
              <step title="Reloading status file with latest updates" date="2025-12-04T07:23:50.083" >
                <step title="WebHooksManager.PublishEventAsync: PostDeployment" date="2025-12-04T07:23:50.091" /><!-- duration: 71ms -->
              </step><!-- duration: 87ms -->
              <step title="Cleaning up temporary deployment - fetch deployment was successful" date="2025-12-04T07:23:50.181" /><!-- duration: 2ms -->
            </step><!-- duration: 173972ms -->
          </step><!-- duration: 175636ms -->
          <step title="Outgoing response" date="2025-12-04T07:23:50.240" type="response" statusCode="200" statusText="OK" /><!-- duration: 1ms -->
        </step><!-- duration: 175647ms -->
