<step title="Incoming Request" date="2025-12-01T11:21:33.865" instance="a3822c" url="/api/publish?type=zip" method="POST" type="request" pid="833,1,66" Accept="*/*" Host="the-anonymous-backend.scm.azurewebsites.net" User-Agent="AZURECLI/2.80.0 (HOMEBREW)" Accept-Encoding="gzip, deflate" Authorization="Bea..." Cache-Control="no-cache" Content-Type="application/octet-stream" Cookie="ARRAffinity=a3822c2d8e6c282e858ccf385ab6ea78b8bef2fd91cc6dcf216d29853550333c; ARRAffinitySameSite=a3822c2d8e6c282e858ccf385ab6ea78b8bef2fd91cc6dcf216d29853550333c" Content-Length="14813241" x-ms-client-request-id="dabf8202-cea7-11f0-aeb4-1672c2eade08" x-ms-artifact-checksum="b737b8d753db47edd6a62b2e9bad15c24dcdb94e361c3386f195e5a23dc11e43" X-ARR-LOG-ID="dabf8202-cea7-11f0-aeb4-1672c2eade08" CLIENT-IP="36.255.86.187:64196" X-SITE-DEPLOYMENT-ID="the-anonymous-backend" WAS-DEFAULT-HOSTNAME="the-anonymous-backend.scm.azurewebsites.net" X-Forwarded-Proto="https" X-AppService-Proto="https" X-Forwarded-TlsVersion="1.3" X-WAWS-Unencoded-URL="/api/publish?type=zip" X-Client-IP="36.255.86.187" X-Client-Port="64196" >
  <step title="OneDeploy" date="2025-12-01T11:21:34.026" >
    <step title="Starting PushDeployAsync" date="2025-12-01T11:21:34.163" /><!-- duration: 22ms -->
    <step title="Removing node_modules symlink" date="2025-12-01T11:21:34.216" >
      <step title="Writing artifact to /tmp/zipdeploy/26535de4-b33b-4ed9-9507-d94a5bac3e89.zip" date="2025-12-01T11:21:34.560" >
        <step title="Writing multipart request body to /tmp/zipdeploy/26535de4-b33b-4ed9-9507-d94a5bac3e89.zip" date="2025-12-01T11:21:34.568" /><!-- duration: 30ms -->
      </step><!-- duration: 2590ms -->
      <step title="Attempting to fetch target branch HEAD" date="2025-12-01T11:21:37.159" /><!-- duration: 1ms -->
      <step title="Acquiring Deployment Lock" date="2025-12-01T11:21:37.162" /><!-- duration: 4ms -->
      <step title="Acquired Deployment Lock" date="2025-12-01T11:21:37.192" /><!-- duration: 1ms -->
      <step title="Performing fetch based deployment" date="2025-12-01T11:21:37.196" >
        <step title="Creating temporary deployment" date="2025-12-01T11:21:37.198" /><!-- duration: 107ms -->
        <step title="Releasing Deployment Lock" date="2025-12-01T11:21:38.497" /><!-- duration: 2ms -->
        <step title="Cleaning up temp folders from previous zip deployments and extracting pushed zip file /tmp/zipdeploy/26535de4-b33b-4ed9-9507-d94a5bac3e89.zip (14.13 MB) to /tmp/zipdeploy/extracted" date="2025-12-01T11:21:38.580" >
          <step title="ChmodRecursive Process exited with total time taken in ms: 272" date="2025-12-01T11:21:44.211" /><!-- duration: 2ms -->
        </step><!-- duration: 5636ms -->
        <step title="None repository commit" date="2025-12-01T11:21:44.225" >
          <step title="Commit id: 22997627-a1a0-4fbc-9ea5-5e0b81447208" date="2025-12-01T11:21:44.231" Message="OneDeploy" AuthorName="N/A" AuthorEmail="N/A" /><!-- duration: 2ms -->
        </step><!-- duration: 10ms -->
        <step title="Deployment timer started" date="2025-12-01T11:21:46.237" >
          <step title="DeploymentManager.Deploy(id:22997627-a1a0-4fbc-9ea5-5e0b81447208)" date="2025-12-01T11:21:46.239" >
            <step title="Collecting changeset information" date="2025-12-01T11:21:46.252" /><!-- duration: 87ms -->
            <step title="Updating submodules" date="2025-12-01T11:21:46.341" /><!-- duration: 1123ms -->
            <step title="Determining deployment builder" date="2025-12-01T11:21:47.668" >
              <step title="Builder is OneDeployBuilder" date="2025-12-01T11:21:47.700" /><!-- duration: 2ms -->
            </step><!-- duration: 41ms -->
            <step title="PreDeployment: context.CleanOutputPath False" date="2025-12-01T11:21:47.759" >
              <step title="PreDeployment: context.OutputPath /home/site/wwwroot" date="2025-12-01T11:21:47.883" >
                <step title="Building" date="2025-12-01T11:21:48.023" >
                  <step title="Executing external process" date="2025-12-01T11:21:48.705" type="process" path="starter.sh" arguments="/opt/Kudu/Scripts/absoluteTar.sh /tmp/zipdeploy/extracted/node_modules /tmp/zipdeploy/extracted/node_modules.tar.gz" /><!-- duration: 9940ms -->
                  <step title="Executing external process" date="2025-12-01T11:21:58.876" type="process" path="starter.sh" arguments="/opt/Kudu/Scripts/parallel_rsync.sh /tmp/zipdeploy/extracted /home/site/wwwroot 8 /tmp/ False False node_modules " /><!-- duration: 2903ms -->
                  <step title="Modified file to trigger a restart of the app container." date="2025-12-01T11:22:03.131" /><!-- duration: 21ms -->
                  <step title="Skip function trigger and logicapp sync because function is not enabled." date="2025-12-01T11:22:03.192" /><!-- duration: 9ms -->
                  <step title="Purge deployment items" date="2025-12-01T11:22:05.146" >
                    <step title="Remove a1278b35-, Success, received at 11/27/2025 12:03:31" date="2025-12-01T11:22:05.317" /><!-- duration: 21ms -->
                  </step><!-- duration: 204ms -->
                </step><!-- duration: 17437ms -->
              </step><!-- duration: 17588ms -->
              <step title="Cleaning up temp files" date="2025-12-01T11:22:05.480" /><!-- duration: 40ms -->
              <step title="Cleaning up temp files" date="2025-12-01T11:22:05.540" /><!-- duration: 515ms -->
              <step title="Reloading status file with latest updates" date="2025-12-01T11:22:06.130" >
                <step title="WebHooksManager.PublishEventAsync: PostDeployment" date="2025-12-01T11:22:06.138" /><!-- duration: 23ms -->
              </step><!-- duration: 38ms -->
              <step title="Cleaning up temporary deployment - fetch deployment was successful" date="2025-12-01T11:22:06.179" /><!-- duration: 1ms -->
            </step><!-- duration: 18474ms -->
          </step><!-- duration: 19997ms -->
          <step title="Outgoing response" date="2025-12-01T11:22:06.242" type="response" statusCode="200" statusText="OK" /><!-- duration: 3ms -->
        </step><!-- duration: 20010ms -->
