<step title="Incoming Request" date="2025-12-01T07:15:20.708" instance="a3822c" url="/api/publish?type=zip" method="POST" type="request" pid="833,1,53" Accept="*/*" Host="the-anonymous-backend.scm.azurewebsites.net" User-Agent="AZURECLI/2.80.0 (HOMEBREW)" Accept-Encoding="gzip, deflate" Authorization="Bea..." Cache-Control="no-cache" Content-Type="application/octet-stream" Cookie="ARRAffinity=a3822c2d8e6c282e858ccf385ab6ea78b8bef2fd91cc6dcf216d29853550333c; ARRAffinitySameSite=a3822c2d8e6c282e858ccf385ab6ea78b8bef2fd91cc6dcf216d29853550333c" Content-Length="49663" x-ms-client-request-id="76d7c1d6-ce85-11f0-8d9f-1672c2eade08" x-ms-artifact-checksum="48cbcfab18d8883709590b45311506fb99d0654e0d34795f593ef9929d31688d" X-ARR-LOG-ID="76d7c1d6-ce85-11f0-8d9f-1672c2eade08" CLIENT-IP="36.255.86.187:54820" X-SITE-DEPLOYMENT-ID="the-anonymous-backend" WAS-DEFAULT-HOSTNAME="the-anonymous-backend.scm.azurewebsites.net" X-Forwarded-Proto="https" X-AppService-Proto="https" X-Forwarded-TlsVersion="1.3" X-WAWS-Unencoded-URL="/api/publish?type=zip" X-Client-IP="36.255.86.187" X-Client-Port="54820" >
  <step title="OneDeploy" date="2025-12-01T07:15:20.798" >
    <step title="Starting PushDeployAsync" date="2025-12-01T07:15:20.810" /><!-- duration: 2ms -->
    <step title="Writing artifact to /tmp/zipdeploy/1fca7a31-4f17-4d2f-a32f-0e6a3fef3753.zip" date="2025-12-01T07:15:20.849" >
      <step title="Writing multipart request body to /tmp/zipdeploy/1fca7a31-4f17-4d2f-a32f-0e6a3fef3753.zip" date="2025-12-01T07:15:20.859" /><!-- duration: 10ms -->
    </step><!-- duration: 90ms -->
    <step title="Attempting to fetch target branch HEAD" date="2025-12-01T07:15:20.951" /><!-- duration: 9ms -->
    <step title="Acquiring Deployment Lock" date="2025-12-01T07:15:20.970" /><!-- duration: 11ms -->
    <step title="Acquired Deployment Lock" date="2025-12-01T07:15:21.030" /><!-- duration: 9ms -->
    <step title="Performing fetch based deployment" date="2025-12-01T07:15:21.050" >
      <step title="Creating temporary deployment" date="2025-12-01T07:15:21.059" /><!-- duration: 136ms -->
      <step title="Releasing Deployment Lock" date="2025-12-01T07:15:22.351" /><!-- duration: 4ms -->
      <step title="Cleaning up temp folders from previous zip deployments and extracting pushed zip file /tmp/zipdeploy/1fca7a31-4f17-4d2f-a32f-0e6a3fef3753.zip (0.05 MB) to /tmp/zipdeploy/extracted" date="2025-12-01T07:15:22.387" >
        <step title="ChmodRecursive Process exited with total time taken in ms: 40" date="2025-12-01T07:15:22.489" /><!-- duration: 8ms -->
      </step><!-- duration: 113ms -->
      <step title="None repository commit" date="2025-12-01T07:15:22.508" >
        <step title="Commit id: 756077fc-d2a3-4abd-b5e3-f98f4abae939" date="2025-12-01T07:15:22.509" Message="OneDeploy" AuthorName="N/A" AuthorEmail="N/A" /><!-- duration: 1ms -->
      </step><!-- duration: 4ms -->
      <step title="Deployment timer started" date="2025-12-01T07:15:24.518" >
        <step title="DeploymentManager.Deploy(id:756077fc-d2a3-4abd-b5e3-f98f4abae939)" date="2025-12-01T07:15:24.522" >
          <step title="Collecting changeset information" date="2025-12-01T07:15:24.544" /><!-- duration: 120ms -->
          <step title="Updating submodules" date="2025-12-01T07:15:24.675" /><!-- duration: 1165ms -->
          <step title="Determining deployment builder" date="2025-12-01T07:15:26.167" >
            <step title="Builder is OneDeployBuilder" date="2025-12-01T07:15:26.186" /><!-- duration: 1ms -->
          </step><!-- duration: 22ms -->
          <step title="PreDeployment: context.CleanOutputPath False" date="2025-12-01T07:15:26.251" >
            <step title="PreDeployment: context.OutputPath /home/site/wwwroot" date="2025-12-01T07:15:26.391" >
              <step title="Building" date="2025-12-01T07:15:26.545" >
                <step title="Executing external process" date="2025-12-01T07:15:27.025" type="process" path="starter.sh" arguments="/opt/Kudu/Scripts/parallel_rsync.sh /tmp/zipdeploy/extracted /home/site/wwwroot 8 /tmp/ False False  " /><!-- duration: 2111ms -->
                <step title="Modified file to trigger a restart of the app container." date="2025-12-01T07:15:29.683" /><!-- duration: 2ms -->
                <step title="Skip function trigger and logicapp sync because function is not enabled." date="2025-12-01T07:15:29.687" /><!-- duration: 4ms -->
              </step><!-- duration: 4172ms -->
            </step><!-- duration: 4328ms -->
            <step title="Cleaning up temp files" date="2025-12-01T07:15:30.720" /><!-- duration: 2ms -->
            <step title="Cleaning up temp files" date="2025-12-01T07:15:30.741" /><!-- duration: 519ms -->
            <step title="Reloading status file with latest updates" date="2025-12-01T07:15:31.280" >
              <step title="WebHooksManager.PublishEventAsync: PostDeployment" date="2025-12-01T07:15:31.282" /><!-- duration: 32ms -->
            </step><!-- duration: 36ms -->
            <step title="Cleaning up temporary deployment - fetch deployment was successful" date="2025-12-01T07:15:31.319" /><!-- duration: 2ms -->
          </step><!-- duration: 5179ms -->
        </step><!-- duration: 6910ms -->
        <step title="Outgoing response" date="2025-12-01T07:15:31.441" type="response" statusCode="200" statusText="OK" /><!-- duration: 2ms -->
      </step><!-- duration: 6926ms -->
