<step title="Incoming Request" date="2025-12-02T05:55:59.276" instance="a3822c" url="/api/publish?type=zip" method="POST" type="request" pid="833,1,55" Accept="*/*" Host="the-anonymous-backend.scm.azurewebsites.net" User-Agent="AZURECLI/2.80.0 (HOMEBREW)" Accept-Encoding="gzip, deflate" Authorization="Bea..." Cache-Control="no-cache" Content-Type="application/octet-stream" Cookie="ARRAffinity=a3822c2d8e6c282e858ccf385ab6ea78b8bef2fd91cc6dcf216d29853550333c; ARRAffinitySameSite=a3822c2d8e6c282e858ccf385ab6ea78b8bef2fd91cc6dcf216d29853550333c" Content-Length="30886" x-ms-client-request-id="8c354882-cf43-11f0-bde2-1672c2eade08" x-ms-artifact-checksum="868c34cb60fc16dd5cebfcf4991aff14a1c451b144773343446a1f1cc021e123" X-ARR-LOG-ID="8c354882-cf43-11f0-bde2-1672c2eade08" CLIENT-IP="165.99.46.241:60883" X-SITE-DEPLOYMENT-ID="the-anonymous-backend" WAS-DEFAULT-HOSTNAME="the-anonymous-backend.scm.azurewebsites.net" X-Forwarded-Proto="https" X-AppService-Proto="https" X-Forwarded-TlsVersion="1.3" X-WAWS-Unencoded-URL="/api/publish?type=zip" X-Client-IP="165.99.46.241" X-Client-Port="60883" >
  <step title="OneDeploy" date="2025-12-02T05:55:59.284" >
    <step title="Starting PushDeployAsync" date="2025-12-02T05:55:59.288" /><!-- duration: 2ms -->
    <step title="Removing node_modules symlink" date="2025-12-02T05:55:59.300" >
      <step title="Writing artifact to /tmp/zipdeploy/d304553c-4163-4362-a9ea-b4a278c04d48.zip" date="2025-12-02T05:55:59.352" >
        <step title="Writing multipart request body to /tmp/zipdeploy/d304553c-4163-4362-a9ea-b4a278c04d48.zip" date="2025-12-02T05:55:59.354" /><!-- duration: 15ms -->
      </step><!-- duration: 32ms -->
      <step title="Attempting to fetch target branch HEAD" date="2025-12-02T05:55:59.388" /><!-- duration: 1ms -->
      <step title="Acquiring Deployment Lock" date="2025-12-02T05:55:59.409" /><!-- duration: 12ms -->
      <step title="Acquired Deployment Lock" date="2025-12-02T05:55:59.446" /><!-- duration: 1ms -->
      <step title="Performing fetch based deployment" date="2025-12-02T05:55:59.452" >
        <step title="Creating temporary deployment" date="2025-12-02T05:55:59.453" /><!-- duration: 62ms -->
        <step title="Releasing Deployment Lock" date="2025-12-02T05:56:00.695" /><!-- duration: 3ms -->
        <step title="Cleaning up temp folders from previous zip deployments and extracting pushed zip file /tmp/zipdeploy/d304553c-4163-4362-a9ea-b4a278c04d48.zip (0.03 MB) to /tmp/zipdeploy/extracted" date="2025-12-02T05:56:00.724" >
          <step title="ChmodRecursive Process exited with total time taken in ms: 39" date="2025-12-02T05:56:00.835" /><!-- duration: 2ms -->
        </step><!-- duration: 114ms -->
        <step title="None repository commit" date="2025-12-02T05:56:00.848" >
          <step title="Commit id: 6864335c-1f51-4840-bd8c-efa68e9388cc" date="2025-12-02T05:56:00.855" Message="OneDeploy" AuthorName="N/A" AuthorEmail="N/A" /><!-- duration: 2ms -->
        </step><!-- duration: 10ms -->
        <step title="Deployment timer started" date="2025-12-02T05:56:02.867" >
          <step title="DeploymentManager.Deploy(id:6864335c-1f51-4840-bd8c-efa68e9388cc)" date="2025-12-02T05:56:02.876" >
            <step title="Collecting changeset information" date="2025-12-02T05:56:02.939" /><!-- duration: 149ms -->
            <step title="Updating submodules" date="2025-12-02T05:56:03.108" /><!-- duration: 1419ms -->
            <step title="Determining deployment builder" date="2025-12-02T05:56:04.812" >
              <step title="Builder is OneDeployBuilder" date="2025-12-02T05:56:04.854" /><!-- duration: 8ms -->
            </step><!-- duration: 52ms -->
            <step title="PreDeployment: context.CleanOutputPath False" date="2025-12-02T05:56:04.975" >
              <step title="PreDeployment: context.OutputPath /home/site/wwwroot" date="2025-12-02T05:56:05.184" >
                <step title="Building" date="2025-12-02T05:56:05.456" >
                  <step title="Executing external process" date="2025-12-02T05:56:06.019" type="process" path="starter.sh" arguments="/opt/Kudu/Scripts/parallel_rsync.sh /tmp/zipdeploy/extracted /home/site/wwwroot 8 /tmp/ False False  " /><!-- duration: 3128ms -->
                  <step title="Modified file to trigger a restart of the app container." date="2025-12-02T05:56:09.637" /><!-- duration: 1ms -->
                  <step title="Skip function trigger and logicapp sync because function is not enabled." date="2025-12-02T05:56:09.643" /><!-- duration: 3ms -->
                  <step title="Purge deployment items" date="2025-12-02T05:56:10.726" >
                    <step title="Remove 3d11757b-, Success, received at 12/01/2025 11:42:27" date="2025-12-02T05:56:10.770" /><!-- duration: 1ms -->
                  </step><!-- duration: 46ms -->
                </step><!-- duration: 5377ms -->
              </step><!-- duration: 5650ms -->
              <step title="Cleaning up temp files" date="2025-12-02T05:56:10.836" /><!-- duration: 2ms -->
              <step title="Cleaning up temp files" date="2025-12-02T05:56:10.843" /><!-- duration: 507ms -->
              <step title="Reloading status file with latest updates" date="2025-12-02T05:56:11.380" >
                <step title="WebHooksManager.PublishEventAsync: PostDeployment" date="2025-12-02T05:56:11.383" /><!-- duration: 30ms -->
              </step><!-- duration: 33ms -->
              <step title="Cleaning up temporary deployment - fetch deployment was successful" date="2025-12-02T05:56:11.416" /><!-- duration: 2ms -->
            </step><!-- duration: 6525ms -->
          </step><!-- duration: 8625ms -->
          <step title="Outgoing response" date="2025-12-02T05:56:11.504" type="response" statusCode="200" statusText="OK" /><!-- duration: 1ms -->
        </step><!-- duration: 8640ms -->
