<step title="Incoming Request" date="2025-12-01T12:15:59.725" instance="a3822c" url="/api/publish?type=zip" method="POST" type="request" pid="833,1,21" Accept="*/*" Host="the-anonymous-backend.scm.azurewebsites.net" User-Agent="AZURECLI/2.80.0 (HOMEBREW)" Accept-Encoding="gzip, deflate" Authorization="Bea..." Cache-Control="no-cache" Content-Type="application/octet-stream" Cookie="ARRAffinity=a3822c2d8e6c282e858ccf385ab6ea78b8bef2fd91cc6dcf216d29853550333c; ARRAffinitySameSite=a3822c2d8e6c282e858ccf385ab6ea78b8bef2fd91cc6dcf216d29853550333c" Content-Length="49788" x-ms-client-request-id="795267c0-ceaf-11f0-94a7-1672c2eade08" x-ms-artifact-checksum="4fb61139cc6aedd43602aedb1e4a9ff4f9907722cd7dfd8f10de0483cc544b6b" X-ARR-LOG-ID="795267c0-ceaf-11f0-94a7-1672c2eade08" CLIENT-IP="36.255.86.187:51501" X-SITE-DEPLOYMENT-ID="the-anonymous-backend" WAS-DEFAULT-HOSTNAME="the-anonymous-backend.scm.azurewebsites.net" X-Forwarded-Proto="https" X-AppService-Proto="https" X-Forwarded-TlsVersion="1.3" X-WAWS-Unencoded-URL="/api/publish?type=zip" X-Client-IP="36.255.86.187" X-Client-Port="51501" >
  <step title="OneDeploy" date="2025-12-01T12:15:59.732" >
    <step title="Starting PushDeployAsync" date="2025-12-01T12:15:59.754" /><!-- duration: 9ms -->
    <step title="Writing artifact to /tmp/zipdeploy/8c5b3893-da48-479b-b9b5-ca3582f9d0dd.zip" date="2025-12-01T12:15:59.782" >
      <step title="Writing multipart request body to /tmp/zipdeploy/8c5b3893-da48-479b-b9b5-ca3582f9d0dd.zip" date="2025-12-01T12:15:59.785" /><!-- duration: 8ms -->
    </step><!-- duration: 32ms -->
    <step title="Attempting to fetch target branch HEAD" date="2025-12-01T12:15:59.824" /><!-- duration: 1ms -->
    <step title="Acquiring Deployment Lock" date="2025-12-01T12:15:59.827" /><!-- duration: 6ms -->
    <step title="Acquired Deployment Lock" date="2025-12-01T12:15:59.853" /><!-- duration: 1ms -->
    <step title="Performing fetch based deployment" date="2025-12-01T12:15:59.857" >
      <step title="Creating temporary deployment" date="2025-12-01T12:15:59.859" /><!-- duration: 69ms -->
      <step title="Releasing Deployment Lock" date="2025-12-01T12:16:01.080" /><!-- duration: 2ms -->
      <step title="Cleaning up temp folders from previous zip deployments and extracting pushed zip file /tmp/zipdeploy/8c5b3893-da48-479b-b9b5-ca3582f9d0dd.zip (0.05 MB) to /tmp/zipdeploy/extracted" date="2025-12-01T12:16:01.108" >
        <step title="ChmodRecursive Process exited with total time taken in ms: 61" date="2025-12-01T12:16:01.190" /><!-- duration: 10ms -->
      </step><!-- duration: 100ms -->
      <step title="None repository commit" date="2025-12-01T12:16:01.219" >
        <step title="Commit id: e3e361ed-b921-4e92-b595-a2df826d1bc4" date="2025-12-01T12:16:01.221" Message="OneDeploy" AuthorName="N/A" AuthorEmail="N/A" /><!-- duration: 1ms -->
      </step><!-- duration: 4ms -->
      <step title="Deployment timer started" date="2025-12-01T12:16:03.230" >
        <step title="DeploymentManager.Deploy(id:e3e361ed-b921-4e92-b595-a2df826d1bc4)" date="2025-12-01T12:16:03.250" >
          <step title="Collecting changeset information" date="2025-12-01T12:16:03.293" /><!-- duration: 133ms -->
          <step title="Updating submodules" date="2025-12-01T12:16:03.428" /><!-- duration: 1176ms -->
          <step title="Determining deployment builder" date="2025-12-01T12:16:04.820" >
            <step title="Builder is OneDeployBuilder" date="2025-12-01T12:16:04.834" /><!-- duration: 1ms -->
          </step><!-- duration: 17ms -->
          <step title="PreDeployment: context.CleanOutputPath False" date="2025-12-01T12:16:04.883" >
            <step title="PreDeployment: context.OutputPath /home/site/wwwroot" date="2025-12-01T12:16:05.044" >
              <step title="Building" date="2025-12-01T12:16:05.187" >
                <step title="Executing external process" date="2025-12-01T12:16:05.866" type="process" path="starter.sh" arguments="/opt/Kudu/Scripts/parallel_rsync.sh /tmp/zipdeploy/extracted /home/site/wwwroot 8 /tmp/ False False  " /><!-- duration: 2524ms -->
                <step title="Modified file to trigger a restart of the app container." date="2025-12-01T12:16:08.756" /><!-- duration: 10ms -->
                <step title="Skip function trigger and logicapp sync because function is not enabled." date="2025-12-01T12:16:08.768" /><!-- duration: 9ms -->
                <step title="Purge deployment items" date="2025-12-01T12:16:10.002" >
                  <step title="Remove 756077fc-, Success, received at 12/01/2025 07:15:24" date="2025-12-01T12:16:10.052" /><!-- duration: 1ms -->
                </step><!-- duration: 53ms -->
              </step><!-- duration: 4948ms -->
            </step><!-- duration: 5095ms -->
            <step title="Cleaning up temp files" date="2025-12-01T12:16:10.140" /><!-- duration: 4ms -->
            <step title="Cleaning up temp files" date="2025-12-01T12:16:10.150" /><!-- duration: 503ms -->
            <step title="Reloading status file with latest updates" date="2025-12-01T12:16:10.693" >
              <step title="WebHooksManager.PublishEventAsync: PostDeployment" date="2025-12-01T12:16:10.696" /><!-- duration: 29ms -->
            </step><!-- duration: 34ms -->
            <step title="Cleaning up temporary deployment - fetch deployment was successful" date="2025-12-01T12:16:10.731" /><!-- duration: 2ms -->
          </step><!-- duration: 5914ms -->
        </step><!-- duration: 7549ms -->
        <step title="Outgoing response" date="2025-12-01T12:16:10.801" type="response" statusCode="200" statusText="OK" /><!-- duration: 2ms -->
      </step><!-- duration: 7574ms -->
