<step title="Incoming Request" date="2025-12-01T12:07:01.969" instance="a3822c" url="/api/publish?type=zip" method="POST" type="request" pid="833,1,58" Accept="*/*" Host="the-anonymous-backend.scm.azurewebsites.net" User-Agent="AZURECLI/2.80.0 (HOMEBREW)" Accept-Encoding="gzip, deflate" Authorization="Bea..." Cache-Control="no-cache" Content-Type="application/octet-stream" Cookie="ARRAffinity=a3822c2d8e6c282e858ccf385ab6ea78b8bef2fd91cc6dcf216d29853550333c; ARRAffinitySameSite=a3822c2d8e6c282e858ccf385ab6ea78b8bef2fd91cc6dcf216d29853550333c" Content-Length="49865" x-ms-client-request-id="3809a036-ceae-11f0-bdf2-1672c2eade08" x-ms-artifact-checksum="baaae7f77cecd4f27322effbb14b6e02f64b84873fa1cd345492bfb86643c3d3" X-ARR-LOG-ID="3809a036-ceae-11f0-bdf2-1672c2eade08" CLIENT-IP="36.255.86.187:50683" X-SITE-DEPLOYMENT-ID="the-anonymous-backend" WAS-DEFAULT-HOSTNAME="the-anonymous-backend.scm.azurewebsites.net" X-Forwarded-Proto="https" X-AppService-Proto="https" X-Forwarded-TlsVersion="1.3" X-WAWS-Unencoded-URL="/api/publish?type=zip" X-Client-IP="36.255.86.187" X-Client-Port="50683" >
  <step title="OneDeploy" date="2025-12-01T12:07:01.999" >
    <step title="Starting PushDeployAsync" date="2025-12-01T12:07:02.039" /><!-- duration: 41ms -->
    <step title="Removing node_modules symlink" date="2025-12-01T12:07:02.169" >
      <step title="Writing artifact to /tmp/zipdeploy/ccdc3f14-5908-464f-81bc-d356012e319a.zip" date="2025-12-01T12:07:02.441" >
        <step title="Writing multipart request body to /tmp/zipdeploy/ccdc3f14-5908-464f-81bc-d356012e319a.zip" date="2025-12-01T12:07:02.461" /><!-- duration: 10ms -->
      </step><!-- duration: 62ms -->
      <step title="Attempting to fetch target branch HEAD" date="2025-12-01T12:07:02.580" /><!-- duration: 2ms -->
      <step title="Acquiring Deployment Lock" date="2025-12-01T12:07:02.600" /><!-- duration: 2ms -->
      <step title="Acquired Deployment Lock" date="2025-12-01T12:07:02.648" /><!-- duration: 2ms -->
      <step title="Performing fetch based deployment" date="2025-12-01T12:07:02.663" >
        <step title="Creating temporary deployment" date="2025-12-01T12:07:02.666" /><!-- duration: 138ms -->
        <step title="Releasing Deployment Lock" date="2025-12-01T12:07:04.094" /><!-- duration: 2ms -->
        <step title="Cleaning up temp folders from previous zip deployments and extracting pushed zip file /tmp/zipdeploy/ccdc3f14-5908-464f-81bc-d356012e319a.zip (0.05 MB) to /tmp/zipdeploy/extracted" date="2025-12-01T12:07:04.109" >
          <step title="ChmodRecursive Process exited with total time taken in ms: 37" date="2025-12-01T12:07:04.160" /><!-- duration: 2ms -->
        </step><!-- duration: 63ms -->
        <step title="None repository commit" date="2025-12-01T12:07:04.182" >
          <step title="Commit id: 125ccf05-2004-4e90-96af-afd3f22a3284" date="2025-12-01T12:07:04.183" Message="OneDeploy" AuthorName="N/A" AuthorEmail="N/A" /><!-- duration: 1ms -->
        </step><!-- duration: 4ms -->
        <step title="Deployment timer started" date="2025-12-01T12:07:06.187" >
          <step title="DeploymentManager.Deploy(id:125ccf05-2004-4e90-96af-afd3f22a3284)" date="2025-12-01T12:07:06.190" >
            <step title="Collecting changeset information" date="2025-12-01T12:07:06.195" /><!-- duration: 97ms -->
            <step title="Updating submodules" date="2025-12-01T12:07:06.300" /><!-- duration: 1205ms -->
            <step title="Determining deployment builder" date="2025-12-01T12:07:07.719" >
              <step title="Builder is OneDeployBuilder" date="2025-12-01T12:07:07.724" /><!-- duration: 9ms -->
            </step><!-- duration: 16ms -->
            <step title="PreDeployment: context.CleanOutputPath False" date="2025-12-01T12:07:07.815" >
              <step title="PreDeployment: context.OutputPath /home/site/wwwroot" date="2025-12-01T12:07:07.946" >
                <step title="Building" date="2025-12-01T12:07:08.108" >
                  <step title="Executing external process" date="2025-12-01T12:07:08.647" type="process" path="starter.sh" arguments="/opt/Kudu/Scripts/parallel_rsync.sh /tmp/zipdeploy/extracted /home/site/wwwroot 8 /tmp/ False False  " /><!-- duration: 4572ms -->
                  <step title="Modified file to trigger a restart of the app container." date="2025-12-01T12:07:13.973" /><!-- duration: 21ms -->
                  <step title="Skip function trigger and logicapp sync because function is not enabled." date="2025-12-01T12:07:14.003" /><!-- duration: 9ms -->
                  <step title="Purge deployment items" date="2025-12-01T12:07:15.935" >
                    <step title="Remove a73741d2-, Success, received at 12/01/2025 06:23:00" date="2025-12-01T12:07:16.035" /><!-- duration: 21ms -->
                  </step><!-- duration: 129ms -->
                </step><!-- duration: 8069ms -->
              </step><!-- duration: 8241ms -->
              <step title="Cleaning up temp files" date="2025-12-01T12:07:16.197" /><!-- duration: 11ms -->
              <step title="Cleaning up temp files" date="2025-12-01T12:07:16.255" /><!-- duration: 524ms -->
              <step title="Reloading status file with latest updates" date="2025-12-01T12:07:16.870" >
                <step title="WebHooksManager.PublishEventAsync: PostDeployment" date="2025-12-01T12:07:16.892" /><!-- duration: 159ms -->
              </step><!-- duration: 192ms -->
              <step title="Cleaning up temporary deployment - fetch deployment was successful" date="2025-12-01T12:07:17.090" /><!-- duration: 11ms -->
            </step><!-- duration: 9397ms -->
          </step><!-- duration: 11042ms -->
          <step title="Outgoing response" date="2025-12-01T12:07:17.244" type="response" statusCode="200" statusText="OK" /><!-- duration: 19ms -->
        </step><!-- duration: 11084ms -->
