<step title="Incoming Request" date="2025-11-27T13:03:20.354" instance="a3822c" url="/api/publish?type=zip" method="POST" type="request" pid="833,1,22" Accept="*/*" Host="the-anonymous-backend.scm.azurewebsites.net" User-Agent="AZURECLI/2.80.0 (HOMEBREW)" Accept-Encoding="gzip, deflate" Authorization="Bea..." Cache-Control="no-cache" Content-Type="application/octet-stream" Cookie="ARRAffinity=a3822c2d8e6c282e858ccf385ab6ea78b8bef2fd91cc6dcf216d29853550333c; ARRAffinitySameSite=a3822c2d8e6c282e858ccf385ab6ea78b8bef2fd91cc6dcf216d29853550333c" Content-Length="40349" x-ms-client-request-id="6b117a28-cb91-11f0-9aea-1672c2eade08" x-ms-artifact-checksum="69583cc26c10b6a1435d6e0c7f8e5ae6b054c36810eb5913709a418805b4e42d" X-ARR-LOG-ID="6b117a28-cb91-11f0-9aea-1672c2eade08" CLIENT-IP="165.99.46.241:49243" X-SITE-DEPLOYMENT-ID="the-anonymous-backend" WAS-DEFAULT-HOSTNAME="the-anonymous-backend.scm.azurewebsites.net" X-Forwarded-Proto="https" X-AppService-Proto="https" X-Forwarded-TlsVersion="1.3" X-WAWS-Unencoded-URL="/api/publish?type=zip" X-Client-IP="165.99.46.241" X-Client-Port="49243" >
  <step title="OneDeploy" date="2025-11-27T13:03:20.372" >
    <step title="Starting PushDeployAsync" date="2025-11-27T13:03:20.375" /><!-- duration: 2ms -->
    <step title="Writing artifact to /tmp/zipdeploy/ced2fe52-9bfd-4739-a6ec-4d64fc3ebe3e.zip" date="2025-11-27T13:03:20.383" >
      <step title="Writing multipart request body to /tmp/zipdeploy/ced2fe52-9bfd-4739-a6ec-4d64fc3ebe3e.zip" date="2025-11-27T13:03:20.390" /><!-- duration: 10ms -->
    </step><!-- duration: 38ms -->
    <step title="Attempting to fetch target branch HEAD" date="2025-11-27T13:03:20.424" /><!-- duration: 1ms -->
    <step title="Acquiring Deployment Lock" date="2025-11-27T13:03:20.427" /><!-- duration: 1ms -->
    <step title="Acquired Deployment Lock" date="2025-11-27T13:03:20.452" /><!-- duration: 1ms -->
    <step title="Performing fetch based deployment" date="2025-11-27T13:03:20.455" >
      <step title="Creating temporary deployment" date="2025-11-27T13:03:20.457" /><!-- duration: 32ms -->
      <step title="Releasing Deployment Lock" date="2025-11-27T13:03:21.643" /><!-- duration: 2ms -->
      <step title="Cleaning up temp folders from previous zip deployments and extracting pushed zip file /tmp/zipdeploy/ced2fe52-9bfd-4739-a6ec-4d64fc3ebe3e.zip (0.04 MB) to /tmp/zipdeploy/extracted" date="2025-11-27T13:03:21.663" >
        <step title="ChmodRecursive Process exited with total time taken in ms: 39" date="2025-11-27T13:03:21.735" /><!-- duration: 19ms -->
      </step><!-- duration: 100ms -->
      <step title="None repository commit" date="2025-11-27T13:03:21.765" >
        <step title="Commit id: 7d84eb11-f826-4bb8-b948-d01d65ca9773" date="2025-11-27T13:03:21.767" Message="OneDeploy" AuthorName="N/A" AuthorEmail="N/A" /><!-- duration: 1ms -->
      </step><!-- duration: 4ms -->
      <step title="Deployment timer started" date="2025-11-27T13:03:23.771" >
        <step title="DeploymentManager.Deploy(id:7d84eb11-f826-4bb8-b948-d01d65ca9773)" date="2025-11-27T13:03:23.777" >
          <step title="Collecting changeset information" date="2025-11-27T13:03:23.798" /><!-- duration: 80ms -->
          <step title="Updating submodules" date="2025-11-27T13:03:23.881" /><!-- duration: 1124ms -->
          <step title="Determining deployment builder" date="2025-11-27T13:03:25.290" >
            <step title="Builder is OneDeployBuilder" date="2025-11-27T13:03:25.296" /><!-- duration: 3ms -->
          </step><!-- duration: 17ms -->
          <step title="PreDeployment: context.CleanOutputPath False" date="2025-11-27T13:03:25.357" >
            <step title="PreDeployment: context.OutputPath /home/site/wwwroot" date="2025-11-27T13:03:25.471" >
              <step title="Building" date="2025-11-27T13:03:25.615" >
                <step title="Executing external process" date="2025-11-27T13:03:26.082" type="process" path="starter.sh" arguments="/opt/Kudu/Scripts/parallel_rsync.sh /tmp/zipdeploy/extracted /home/site/wwwroot 8 /tmp/ False False  " /><!-- duration: 1795ms -->
                <step title="Modified file to trigger a restart of the app container." date="2025-11-27T13:03:28.553" /><!-- duration: 2ms -->
                <step title="Skip function trigger and logicapp sync because function is not enabled." date="2025-11-27T13:03:28.654" /><!-- duration: 9ms -->
              </step><!-- duration: 3947ms -->
            </step><!-- duration: 4094ms -->
            <step title="Cleaning up temp files" date="2025-11-27T13:03:29.567" /><!-- duration: 2ms -->
            <step title="Cleaning up temp files" date="2025-11-27T13:03:29.578" /><!-- duration: 515ms -->
            <step title="Reloading status file with latest updates" date="2025-11-27T13:03:30.115" >
              <step title="WebHooksManager.PublishEventAsync: PostDeployment" date="2025-11-27T13:03:30.116" /><!-- duration: 17ms -->
            </step><!-- duration: 27ms -->
            <step title="Cleaning up temporary deployment - fetch deployment was successful" date="2025-11-27T13:03:30.153" /><!-- duration: 2ms -->
          </step><!-- duration: 4861ms -->
        </step><!-- duration: 6444ms -->
        <step title="Outgoing response" date="2025-11-27T13:03:30.224" type="response" statusCode="200" statusText="OK" /><!-- duration: 1ms -->
      </step><!-- duration: 6455ms -->
