<step title="Incoming Request" date="2025-12-01T12:21:34.514" instance="a3822c" url="/api/publish?type=zip" method="POST" type="request" pid="833,1,24" Accept="*/*" Host="the-anonymous-backend.scm.azurewebsites.net" User-Agent="AZURECLI/2.80.0 (HOMEBREW)" Accept-Encoding="gzip, deflate" Authorization="Bea..." Cache-Control="no-cache" Content-Type="application/octet-stream" Cookie="ARRAffinity=a3822c2d8e6c282e858ccf385ab6ea78b8bef2fd91cc6dcf216d29853550333c; ARRAffinitySameSite=a3822c2d8e6c282e858ccf385ab6ea78b8bef2fd91cc6dcf216d29853550333c" Content-Length="49788" x-ms-client-request-id="40e29ae4-ceb0-11f0-895c-1672c2eade08" x-ms-artifact-checksum="4fb61139cc6aedd43602aedb1e4a9ff4f9907722cd7dfd8f10de0483cc544b6b" X-ARR-LOG-ID="40e29ae4-ceb0-11f0-895c-1672c2eade08" CLIENT-IP="36.255.86.187:51784" X-SITE-DEPLOYMENT-ID="the-anonymous-backend" WAS-DEFAULT-HOSTNAME="the-anonymous-backend.scm.azurewebsites.net" X-Forwarded-Proto="https" X-AppService-Proto="https" X-Forwarded-TlsVersion="1.3" X-WAWS-Unencoded-URL="/api/publish?type=zip" X-Client-IP="36.255.86.187" X-Client-Port="51784" >
  <step title="OneDeploy" date="2025-12-01T12:21:34.691" >
    <step title="Starting PushDeployAsync" date="2025-12-01T12:21:34.767" /><!-- duration: 88ms -->
    <step title="Removing node_modules symlink" date="2025-12-01T12:21:35.036" >
      <step title="Writing artifact to /tmp/zipdeploy/3b1746a4-7aba-4e35-97aa-55851f71fdab.zip" date="2025-12-01T12:21:35.288" >
        <step title="Writing multipart request body to /tmp/zipdeploy/3b1746a4-7aba-4e35-97aa-55851f71fdab.zip" date="2025-12-01T12:21:35.297" /><!-- duration: 11ms -->
      </step><!-- duration: 110ms -->
      <step title="Attempting to fetch target branch HEAD" date="2025-12-01T12:21:35.403" /><!-- duration: 1ms -->
      <step title="Acquiring Deployment Lock" date="2025-12-01T12:21:35.418" /><!-- duration: 3ms -->
      <step title="Acquired Deployment Lock" date="2025-12-01T12:21:35.460" /><!-- duration: 2ms -->
      <step title="Performing fetch based deployment" date="2025-12-01T12:21:35.469" >
        <step title="Creating temporary deployment" date="2025-12-01T12:21:35.472" /><!-- duration: 77ms -->
        <step title="Releasing Deployment Lock" date="2025-12-01T12:21:36.814" /><!-- duration: 3ms -->
        <step title="Cleaning up temp folders from previous zip deployments and extracting pushed zip file /tmp/zipdeploy/3b1746a4-7aba-4e35-97aa-55851f71fdab.zip (0.05 MB) to /tmp/zipdeploy/extracted" date="2025-12-01T12:21:36.851" >
          <step title="ChmodRecursive Process exited with total time taken in ms: 59" date="2025-12-01T12:21:36.943" /><!-- duration: 3ms -->
        </step><!-- duration: 113ms -->
        <step title="None repository commit" date="2025-12-01T12:21:37.003" >
          <step title="Commit id: ec739a04-32f8-46ca-ad98-f17581b9b371" date="2025-12-01T12:21:37.014" Message="OneDeploy" AuthorName="N/A" AuthorEmail="N/A" /><!-- duration: 10ms -->
        </step><!-- duration: 30ms -->
        <step title="Deployment timer started" date="2025-12-01T12:21:39.037" >
          <step title="DeploymentManager.Deploy(id:ec739a04-32f8-46ca-ad98-f17581b9b371)" date="2025-12-01T12:21:39.039" >
            <step title="Collecting changeset information" date="2025-12-01T12:21:39.048" /><!-- duration: 124ms -->
            <step title="Updating submodules" date="2025-12-01T12:21:39.174" /><!-- duration: 1129ms -->
            <step title="Determining deployment builder" date="2025-12-01T12:21:40.520" >
              <step title="Builder is OneDeployBuilder" date="2025-12-01T12:21:40.529" /><!-- duration: 7ms -->
            </step><!-- duration: 18ms -->
            <step title="PreDeployment: context.CleanOutputPath False" date="2025-12-01T12:21:40.601" >
              <step title="PreDeployment: context.OutputPath /home/site/wwwroot" date="2025-12-01T12:21:40.719" >
                <step title="Building" date="2025-12-01T12:21:40.851" >
                  <step title="Executing external process" date="2025-12-01T12:21:41.404" type="process" path="starter.sh" arguments="/opt/Kudu/Scripts/parallel_rsync.sh /tmp/zipdeploy/extracted /home/site/wwwroot 8 /tmp/ False False  " /><!-- duration: 1936ms -->
                  <step title="Modified file to trigger a restart of the app container." date="2025-12-01T12:21:43.724" /><!-- duration: 17ms -->
                  <step title="Skip function trigger and logicapp sync because function is not enabled." date="2025-12-01T12:21:43.750" /><!-- duration: 2ms -->
                  <step title="Purge deployment items" date="2025-12-01T12:21:44.812" >
                    <step title="Remove 3caac678-, Success, received at 12/01/2025 07:32:48" date="2025-12-01T12:21:44.859" /><!-- duration: 2ms -->
                  </step><!-- duration: 49ms -->
                </step><!-- duration: 4107ms -->
              </step><!-- duration: 4244ms -->
              <step title="Cleaning up temp files" date="2025-12-01T12:21:44.964" /><!-- duration: 2ms -->
              <step title="Cleaning up temp files" date="2025-12-01T12:21:44.972" /><!-- duration: 503ms -->
              <step title="Reloading status file with latest updates" date="2025-12-01T12:21:45.494" >
                <step title="WebHooksManager.PublishEventAsync: PostDeployment" date="2025-12-01T12:21:45.496" /><!-- duration: 43ms -->
              </step><!-- duration: 46ms -->
              <step title="Cleaning up temporary deployment - fetch deployment was successful" date="2025-12-01T12:21:45.549" /><!-- duration: 1ms -->
            </step><!-- duration: 5010ms -->
          </step><!-- duration: 6574ms -->
          <step title="Outgoing response" date="2025-12-01T12:21:45.618" type="response" statusCode="200" statusText="OK" /><!-- duration: 9ms -->
        </step><!-- duration: 6591ms -->
