<step title="Incoming Request" date="2025-12-01T12:32:59.532" instance="a3822c" url="/api/publish?type=zip" method="POST" type="request" pid="833,1,59" Accept="*/*" Host="the-anonymous-backend.scm.azurewebsites.net" User-Agent="AZURECLI/2.80.0 (HOMEBREW)" Accept-Encoding="gzip, deflate" Authorization="Bea..." Cache-Control="no-cache" Content-Type="application/octet-stream" Cookie="ARRAffinity=a3822c2d8e6c282e858ccf385ab6ea78b8bef2fd91cc6dcf216d29853550333c; ARRAffinitySameSite=a3822c2d8e6c282e858ccf385ab6ea78b8bef2fd91cc6dcf216d29853550333c" Content-Length="34571" x-ms-client-request-id="d777d482-ceb1-11f0-91cf-1672c2eade08" x-ms-artifact-checksum="936a70064e50ae3aacc7405425bffc62fd84e6e134e5bfec04916aa2e38a4c6c" X-ARR-LOG-ID="d777d482-ceb1-11f0-91cf-1672c2eade08" CLIENT-IP="36.255.86.187:52597" X-SITE-DEPLOYMENT-ID="the-anonymous-backend" WAS-DEFAULT-HOSTNAME="the-anonymous-backend.scm.azurewebsites.net" X-Forwarded-Proto="https" X-AppService-Proto="https" X-Forwarded-TlsVersion="1.3" X-WAWS-Unencoded-URL="/api/publish?type=zip" X-Client-IP="36.255.86.187" X-Client-Port="52597" >
  <step title="OneDeploy" date="2025-12-01T12:32:59.550" >
    <step title="Starting PushDeployAsync" date="2025-12-01T12:32:59.554" /><!-- duration: 2ms -->
    <step title="Removing node_modules symlink" date="2025-12-01T12:32:59.570" >
      <step title="Writing artifact to /tmp/zipdeploy/971e68c7-f41e-488d-867d-b12fc5af0c5d.zip" date="2025-12-01T12:32:59.683" >
        <step title="Writing multipart request body to /tmp/zipdeploy/971e68c7-f41e-488d-867d-b12fc5af0c5d.zip" date="2025-12-01T12:32:59.686" /><!-- duration: 7ms -->
      </step><!-- duration: 99ms -->
      <step title="Attempting to fetch target branch HEAD" date="2025-12-01T12:32:59.813" /><!-- duration: 1ms -->
      <step title="Acquiring Deployment Lock" date="2025-12-01T12:32:59.821" /><!-- duration: 2ms -->
      <step title="Acquired Deployment Lock" date="2025-12-01T12:32:59.884" /><!-- duration: 1ms -->
      <step title="Performing fetch based deployment" date="2025-12-01T12:32:59.894" >
        <step title="Creating temporary deployment" date="2025-12-01T12:32:59.902" /><!-- duration: 46ms -->
        <step title="Releasing Deployment Lock" date="2025-12-01T12:33:01.214" /><!-- duration: 9ms -->
        <step title="Cleaning up temp folders from previous zip deployments and extracting pushed zip file /tmp/zipdeploy/971e68c7-f41e-488d-867d-b12fc5af0c5d.zip (0.03 MB) to /tmp/zipdeploy/extracted" date="2025-12-01T12:33:01.304" >
          <step title="ChmodRecursive Process exited with total time taken in ms: 42" date="2025-12-01T12:33:01.437" /><!-- duration: 18ms -->
        </step><!-- duration: 172ms -->
        <step title="None repository commit" date="2025-12-01T12:33:01.485" >
          <step title="Commit id: bbd9ce6c-5a8f-4142-a9fb-0edaefc68608" date="2025-12-01T12:33:01.488" Message="OneDeploy" AuthorName="N/A" AuthorEmail="N/A" /><!-- duration: 1ms -->
        </step><!-- duration: 9ms -->
        <step title="Deployment timer started" date="2025-12-01T12:33:03.501" >
          <step title="DeploymentManager.Deploy(id:bbd9ce6c-5a8f-4142-a9fb-0edaefc68608)" date="2025-12-01T12:33:03.503" >
            <step title="Collecting changeset information" date="2025-12-01T12:33:03.508" /><!-- duration: 74ms -->
            <step title="Updating submodules" date="2025-12-01T12:33:03.584" /><!-- duration: 1205ms -->
            <step title="Determining deployment builder" date="2025-12-01T12:33:05.006" >
              <step title="Builder is OneDeployBuilder" date="2025-12-01T12:33:05.014" /><!-- duration: 1ms -->
            </step><!-- duration: 11ms -->
            <step title="PreDeployment: context.CleanOutputPath False" date="2025-12-01T12:33:05.075" >
              <step title="PreDeployment: context.OutputPath /home/site/wwwroot" date="2025-12-01T12:33:05.187" >
                <step title="Building" date="2025-12-01T12:33:05.321" >
                  <step title="Executing external process" date="2025-12-01T12:33:06.026" type="process" path="starter.sh" arguments="/opt/Kudu/Scripts/parallel_rsync.sh /tmp/zipdeploy/extracted /home/site/wwwroot 8 /tmp/ False False  " /><!-- duration: 2713ms -->
                  <step title="Modified file to trigger a restart of the app container." date="2025-12-01T12:33:09.153" /><!-- duration: 2ms -->
                  <step title="Skip function trigger and logicapp sync because function is not enabled." date="2025-12-01T12:33:09.157" /><!-- duration: 1ms -->
                  <step title="Purge deployment items" date="2025-12-01T12:33:10.383" >
                    <step title="Remove 7262efdb-, Success, received at 12/01/2025 07:45:13" date="2025-12-01T12:33:10.424" /><!-- duration: 1ms -->
                  </step><!-- duration: 44ms -->
                </step><!-- duration: 5170ms -->
              </step><!-- duration: 5306ms -->
              <step title="Cleaning up temp files" date="2025-12-01T12:33:10.494" /><!-- duration: 2ms -->
              <step title="Cleaning up temp files" date="2025-12-01T12:33:10.500" /><!-- duration: 503ms -->
              <step title="Reloading status file with latest updates" date="2025-12-01T12:33:11.030" >
                <step title="WebHooksManager.PublishEventAsync: PostDeployment" date="2025-12-01T12:33:11.037" /><!-- duration: 76ms -->
              </step><!-- duration: 89ms -->
              <step title="Cleaning up temporary deployment - fetch deployment was successful" date="2025-12-01T12:33:11.130" /><!-- duration: 8ms -->
            </step><!-- duration: 6148ms -->
          </step><!-- duration: 7723ms -->
          <step title="Outgoing response" date="2025-12-01T12:33:11.228" type="response" statusCode="200" statusText="OK" /><!-- duration: 2ms -->
        </step><!-- duration: 7730ms -->
