<step title="Incoming Request" date="2025-12-02T11:05:32.168" instance="a3822c" url="/api/publish?type=zip" method="POST" type="request" pid="833,1,47" Accept="*/*" Host="the-anonymous-backend.scm.azurewebsites.net" User-Agent="AZURECLI/2.80.0 (HOMEBREW)" Accept-Encoding="gzip, deflate" Authorization="Bea..." Cache-Control="no-cache" Content-Type="application/octet-stream" Cookie="ARRAffinity=a3822c2d8e6c282e858ccf385ab6ea78b8bef2fd91cc6dcf216d29853550333c; ARRAffinitySameSite=a3822c2d8e6c282e858ccf385ab6ea78b8bef2fd91cc6dcf216d29853550333c" Content-Length="18677126" x-ms-client-request-id="cc7ded56-cf6e-11f0-adef-1672c2eade08" x-ms-artifact-checksum="37d6af99f498eb2ad15012599a476fd9d836f6d516b6d9464be4847a5f19d722" X-ARR-LOG-ID="cc7ded56-cf6e-11f0-adef-1672c2eade08" CLIENT-IP="165.99.46.254:50997" X-SITE-DEPLOYMENT-ID="the-anonymous-backend" WAS-DEFAULT-HOSTNAME="the-anonymous-backend.scm.azurewebsites.net" X-Forwarded-Proto="https" X-AppService-Proto="https" X-Forwarded-TlsVersion="1.3" X-WAWS-Unencoded-URL="/api/publish?type=zip" X-Client-IP="165.99.46.254" X-Client-Port="50997" >
  <step title="OneDeploy" date="2025-12-02T11:05:32.199" >
    <step title="Starting PushDeployAsync" date="2025-12-02T11:05:32.202" /><!-- duration: 2ms -->
    <step title="Removing node_modules symlink" date="2025-12-02T11:05:32.210" >
      <step title="Writing artifact to /tmp/zipdeploy/b865c1da-4be9-4081-9dc9-4a4c8c615884.zip" date="2025-12-02T11:05:32.279" >
        <step title="Writing multipart request body to /tmp/zipdeploy/b865c1da-4be9-4081-9dc9-4a4c8c615884.zip" date="2025-12-02T11:05:32.281" /><!-- duration: 7ms -->
      </step><!-- duration: 1544ms -->
      <step title="Attempting to fetch target branch HEAD" date="2025-12-02T11:05:33.830" /><!-- duration: 5ms -->
      <step title="Acquiring Deployment Lock" date="2025-12-02T11:05:33.866" /><!-- duration: 29ms -->
      <step title="Acquired Deployment Lock" date="2025-12-02T11:05:33.927" /><!-- duration: 8ms -->
      <step title="Performing fetch based deployment" date="2025-12-02T11:05:33.937" >
        <step title="Creating temporary deployment" date="2025-12-02T11:05:33.940" /><!-- duration: 91ms -->
        <step title="Releasing Deployment Lock" date="2025-12-02T11:05:35.183" /><!-- duration: 2ms -->
        <step title="Cleaning up temp folders from previous zip deployments and extracting pushed zip file /tmp/zipdeploy/b865c1da-4be9-4081-9dc9-4a4c8c615884.zip (17.81 MB) to /tmp/zipdeploy/extracted" date="2025-12-02T11:05:35.209" >
          <step title="ChmodRecursive Process exited with total time taken in ms: 866" date="2025-12-02T11:05:42.161" /><!-- duration: 2ms -->
        </step><!-- duration: 6981ms -->
        <step title="None repository commit" date="2025-12-02T11:05:42.212" >
          <step title="Commit id: c3260121-6c66-43de-a710-ed23a52fabdd" date="2025-12-02T11:05:42.241" Message="OneDeploy" AuthorName="N/A" AuthorEmail="N/A" /><!-- duration: 2ms -->
        </step><!-- duration: 38ms -->
        <step title="Deployment timer started" date="2025-12-02T11:05:44.258" >
          <step title="DeploymentManager.Deploy(id:c3260121-6c66-43de-a710-ed23a52fabdd)" date="2025-12-02T11:05:44.261" >
            <step title="Collecting changeset information" date="2025-12-02T11:05:44.267" /><!-- duration: 101ms -->
            <step title="Updating submodules" date="2025-12-02T11:05:44.371" /><!-- duration: 1141ms -->
            <step title="Determining deployment builder" date="2025-12-02T11:05:45.754" >
              <step title="Builder is OneDeployBuilder" date="2025-12-02T11:05:45.764" /><!-- duration: 1ms -->
            </step><!-- duration: 13ms -->
            <step title="PreDeployment: context.CleanOutputPath False" date="2025-12-02T11:05:45.845" >
              <step title="PreDeployment: context.OutputPath /home/site/wwwroot" date="2025-12-02T11:05:45.990" >
                <step title="Building" date="2025-12-02T11:05:46.153" >
                  <step title="Executing external process" date="2025-12-02T11:05:46.913" type="process" path="starter.sh" arguments="/opt/Kudu/Scripts/absoluteTar.sh /tmp/zipdeploy/extracted/node_modules /tmp/zipdeploy/extracted/node_modules.tar.gz" /><!-- duration: 11330ms -->
                  <step title="Executing external process" date="2025-12-02T11:05:58.483" type="process" path="starter.sh" arguments="/opt/Kudu/Scripts/parallel_rsync.sh /tmp/zipdeploy/extracted /home/site/wwwroot 8 /tmp/ False False node_modules " /><!-- duration: 2481ms -->
                  <step title="Modified file to trigger a restart of the app container." date="2025-12-02T11:06:02.086" /><!-- duration: 10ms -->
                  <step title="Skip function trigger and logicapp sync because function is not enabled." date="2025-12-02T11:06:02.115" /><!-- duration: 12ms -->
                  <step title="Purge deployment items" date="2025-12-02T11:06:04.179" >
                    <step title="Remove 03377dda-, Success, received at 12/02/2025 07:07:29" date="2025-12-02T11:06:04.309" /><!-- duration: 30ms -->
                  </step><!-- duration: 169ms -->
                </step><!-- duration: 18290ms -->
              </step><!-- duration: 18460ms -->
              <step title="Cleaning up temp files" date="2025-12-02T11:06:04.452" /><!-- duration: 16ms -->
              <step title="Cleaning up temp files" date="2025-12-02T11:06:04.471" /><!-- duration: 510ms -->
              <step title="Reloading status file with latest updates" date="2025-12-02T11:06:05.043" >
                <step title="WebHooksManager.PublishEventAsync: PostDeployment" date="2025-12-02T11:06:05.051" /><!-- duration: 25ms -->
              </step><!-- duration: 35ms -->
              <step title="Cleaning up temporary deployment - fetch deployment was successful" date="2025-12-02T11:06:05.080" /><!-- duration: 1ms -->
            </step><!-- duration: 19308ms -->
          </step><!-- duration: 20893ms -->
          <step title="Outgoing response" date="2025-12-02T11:06:05.156" type="response" statusCode="200" statusText="OK" /><!-- duration: 1ms -->
        </step><!-- duration: 20900ms -->
