<step title="Incoming Request" date="2025-12-02T08:00:52.204" instance="a3822c" url="/api/publish?type=zip" method="POST" type="request" pid="833,1,37" Accept="*/*" Host="the-anonymous-backend.scm.azurewebsites.net" User-Agent="AZURECLI/2.80.0 (HOMEBREW)" Accept-Encoding="gzip, deflate" Authorization="Bea..." Cache-Control="no-cache" Content-Type="application/octet-stream" Cookie="ARRAffinity=a3822c2d8e6c282e858ccf385ab6ea78b8bef2fd91cc6dcf216d29853550333c; ARRAffinitySameSite=a3822c2d8e6c282e858ccf385ab6ea78b8bef2fd91cc6dcf216d29853550333c" Content-Length="46133" x-ms-client-request-id="ffbff57a-cf54-11f0-913d-1672c2eade08" x-ms-artifact-checksum="029c9b964517603b0838ea6c35b95d8365592b3af8d3c35ef083d0d2f66def07" X-ARR-LOG-ID="ffbff57a-cf54-11f0-913d-1672c2eade08" CLIENT-IP="165.99.46.241:51924" X-SITE-DEPLOYMENT-ID="the-anonymous-backend" WAS-DEFAULT-HOSTNAME="the-anonymous-backend.scm.azurewebsites.net" X-Forwarded-Proto="https" X-AppService-Proto="https" X-Forwarded-TlsVersion="1.3" X-WAWS-Unencoded-URL="/api/publish?type=zip" X-Client-IP="165.99.46.241" X-Client-Port="51924" >
  <step title="OneDeploy" date="2025-12-02T08:00:52.215" >
    <step title="Starting PushDeployAsync" date="2025-12-02T08:00:52.232" /><!-- duration: 2ms -->
    <step title="Removing node_modules symlink" date="2025-12-02T08:00:52.261" >
      <step title="Writing artifact to /tmp/zipdeploy/09cdc5eb-6d34-4f66-9691-e35f8a270a80.zip" date="2025-12-02T08:00:52.383" >
        <step title="Writing multipart request body to /tmp/zipdeploy/09cdc5eb-6d34-4f66-9691-e35f8a270a80.zip" date="2025-12-02T08:00:52.394" /><!-- duration: 9ms -->
      </step><!-- duration: 62ms -->
      <step title="Attempting to fetch target branch HEAD" date="2025-12-02T08:00:52.498" /><!-- duration: 7ms -->
      <step title="Acquiring Deployment Lock" date="2025-12-02T08:00:52.514" /><!-- duration: 12ms -->
      <step title="Acquired Deployment Lock" date="2025-12-02T08:00:52.576" /><!-- duration: 10ms -->
      <step title="Performing fetch based deployment" date="2025-12-02T08:00:52.595" >
        <step title="Creating temporary deployment" date="2025-12-02T08:00:52.607" /><!-- duration: 188ms -->
        <step title="Releasing Deployment Lock" date="2025-12-02T08:00:54.037" /><!-- duration: 10ms -->
        <step title="Cleaning up temp folders from previous zip deployments and extracting pushed zip file /tmp/zipdeploy/09cdc5eb-6d34-4f66-9691-e35f8a270a80.zip (0.04 MB) to /tmp/zipdeploy/extracted" date="2025-12-02T08:00:54.118" >
          <step title="ChmodRecursive Process exited with total time taken in ms: 80" date="2025-12-02T08:00:55.194" /><!-- duration: 9ms -->
        </step><!-- duration: 1097ms -->
        <step title="None repository commit" date="2025-12-02T08:00:55.245" >
          <step title="Commit id: 01c76d7b-983f-49ee-849c-7738b5ebc784" date="2025-12-02T08:00:55.255" Message="OneDeploy" AuthorName="N/A" AuthorEmail="N/A" /><!-- duration: 8ms -->
        </step><!-- duration: 20ms -->
        <step title="Deployment timer started" date="2025-12-02T08:00:57.276" >
          <step title="DeploymentManager.Deploy(id:01c76d7b-983f-49ee-849c-7738b5ebc784)" date="2025-12-02T08:00:57.280" >
            <step title="Collecting changeset information" date="2025-12-02T08:00:57.321" /><!-- duration: 86ms -->
            <step title="Updating submodules" date="2025-12-02T08:00:57.411" /><!-- duration: 1117ms -->
            <step title="Determining deployment builder" date="2025-12-02T08:00:58.757" >
              <step title="Builder is OneDeployBuilder" date="2025-12-02T08:00:58.782" /><!-- duration: 8ms -->
            </step><!-- duration: 35ms -->
            <step title="PreDeployment: context.CleanOutputPath False" date="2025-12-02T08:00:58.854" >
              <step title="PreDeployment: context.OutputPath /home/site/wwwroot" date="2025-12-02T08:00:58.973" >
                <step title="Building" date="2025-12-02T08:00:59.116" >
                  <step title="Executing external process" date="2025-12-02T08:00:59.620" type="process" path="starter.sh" arguments="/opt/Kudu/Scripts/parallel_rsync.sh /tmp/zipdeploy/extracted /home/site/wwwroot 8 /tmp/ False False  " /><!-- duration: 3305ms -->
                  <step title="Modified file to trigger a restart of the app container." date="2025-12-02T08:01:03.342" /><!-- duration: 2ms -->
                  <step title="Skip function trigger and logicapp sync because function is not enabled." date="2025-12-02T08:01:03.345" /><!-- duration: 3ms -->
                  <step title="Purge deployment items" date="2025-12-02T08:01:05.076" >
                    <step title="Remove c6e58607-, Success, received at 12/02/2025 05:36:07" date="2025-12-02T08:01:05.127" /><!-- duration: 5ms -->
                  </step><!-- duration: 57ms -->
                </step><!-- duration: 6079ms -->
              </step><!-- duration: 6227ms -->
              <step title="Cleaning up temp files" date="2025-12-02T08:01:05.222" /><!-- duration: 2ms -->
              <step title="Cleaning up temp files" date="2025-12-02T08:01:05.236" /><!-- duration: 515ms -->
              <step title="Reloading status file with latest updates" date="2025-12-02T08:01:05.777" >
                <step title="WebHooksManager.PublishEventAsync: PostDeployment" date="2025-12-02T08:01:05.782" /><!-- duration: 60ms -->
              </step><!-- duration: 66ms -->
              <step title="Cleaning up temporary deployment - fetch deployment was successful" date="2025-12-02T08:01:05.854" /><!-- duration: 9ms -->
            </step><!-- duration: 7089ms -->
          </step><!-- duration: 8665ms -->
          <step title="Outgoing response" date="2025-12-02T08:01:05.949" type="response" statusCode="200" statusText="OK" /><!-- duration: 9ms -->
        </step><!-- duration: 8689ms -->
