<step title="Incoming Request" date="2025-12-04T06:54:12.229" instance="a3822c" url="/api/publish?type=zip" method="POST" type="request" pid="833,1,49" Accept="*/*" Host="the-anonymous-backend.scm.azurewebsites.net" User-Agent="AZURECLI/2.80.0 (HOMEBREW)" Accept-Encoding="gzip, deflate" Authorization="Bea..." Cache-Control="no-cache" Content-Type="application/octet-stream" Cookie="ARRAffinity=a3822c2d8e6c282e858ccf385ab6ea78b8bef2fd91cc6dcf216d29853550333c; ARRAffinitySameSite=a3822c2d8e6c282e858ccf385ab6ea78b8bef2fd91cc6dcf216d29853550333c" Content-Length="79543" x-ms-client-request-id="02f86a80-d0de-11f0-a5c3-1672c2eade08" x-ms-artifact-checksum="97bdc8a280f0dd28515fd63cadbefa1c4f12cf1b579348777f58556b4b173936" X-ARR-LOG-ID="02f86a80-d0de-11f0-a5c3-1672c2eade08" CLIENT-IP="165.99.46.241:56133" X-SITE-DEPLOYMENT-ID="the-anonymous-backend" WAS-DEFAULT-HOSTNAME="the-anonymous-backend.scm.azurewebsites.net" X-Forwarded-Proto="https" X-AppService-Proto="https" X-Forwarded-TlsVersion="1.3" X-WAWS-Unencoded-URL="/api/publish?type=zip" X-Client-IP="165.99.46.241" X-Client-Port="56133" >
  <step title="OneDeploy" date="2025-12-04T06:54:12.246" >
    <step title="Starting PushDeployAsync" date="2025-12-04T06:54:12.252" /><!-- duration: 2ms -->
    <step title="Removing node_modules symlink" date="2025-12-04T06:54:12.269" >
      <step title="Removing _del_node_modules symlink" date="2025-12-04T06:54:12.372" >
        <step title="Writing artifact to /tmp/zipdeploy/dc233191-3dab-4284-bd0d-b64a69028a8d.zip" date="2025-12-04T06:54:12.434" >
          <step title="Writing multipart request body to /tmp/zipdeploy/dc233191-3dab-4284-bd0d-b64a69028a8d.zip" date="2025-12-04T06:54:12.442" /><!-- duration: 9ms -->
        </step><!-- duration: 74ms -->
        <step title="Attempting to fetch target branch HEAD" date="2025-12-04T06:54:12.522" /><!-- duration: 2ms -->
        <step title="Acquiring Deployment Lock" date="2025-12-04T06:54:12.532" /><!-- duration: 10ms -->
        <step title="Acquired Deployment Lock" date="2025-12-04T06:54:12.572" /><!-- duration: 2ms -->
        <step title="Performing fetch based deployment" date="2025-12-04T06:54:12.577" >
          <step title="Creating temporary deployment" date="2025-12-04T06:54:12.582" /><!-- duration: 76ms -->
          <step title="Releasing Deployment Lock" date="2025-12-04T06:54:13.813" /><!-- duration: 2ms -->
          <step title="Cleaning up temp folders from previous zip deployments and extracting pushed zip file /tmp/zipdeploy/dc233191-3dab-4284-bd0d-b64a69028a8d.zip (0.08 MB) to /tmp/zipdeploy/extracted" date="2025-12-04T06:54:13.845" >
            <step title="ChmodRecursive Process exited with total time taken in ms: 66" date="2025-12-04T06:54:14.901" /><!-- duration: 3ms -->
          </step><!-- duration: 1061ms -->
          <step title="None repository commit" date="2025-12-04T06:54:14.911" >
            <step title="Commit id: c06204b2-7016-4255-9d47-23146bdfe437" date="2025-12-04T06:54:14.912" Message="OneDeploy" AuthorName="N/A" AuthorEmail="N/A" /><!-- duration: 9ms -->
          </step><!-- duration: 12ms -->
          <step title="Deployment timer started" date="2025-12-04T06:54:16.926" >
            <step title="DeploymentManager.Deploy(id:c06204b2-7016-4255-9d47-23146bdfe437)" date="2025-12-04T06:54:16.929" >
              <step title="Collecting changeset information" date="2025-12-04T06:54:16.979" /><!-- duration: 96ms -->
              <step title="Updating submodules" date="2025-12-04T06:54:17.078" /><!-- duration: 1114ms -->
              <step title="Determining deployment builder" date="2025-12-04T06:54:18.388" >
                <step title="Builder is OryxBuilder" date="2025-12-04T06:54:18.415" /><!-- duration: 2ms -->
              </step><!-- duration: 31ms -->
              <step title="PreDeployment: context.CleanOutputPath False" date="2025-12-04T06:54:18.471" >
                <step title="PreDeployment: context.OutputPath /home/site/wwwroot" date="2025-12-04T06:54:18.575" >
                  <step title="Building" date="2025-12-04T06:54:18.718" >
                    <step title="Executing external process" date="2025-12-04T06:54:19.136" type="process" path="bash" arguments="-c &quot;oryx build /tmp/zipdeploy/extracted -o /home/site/wwwroot --platform nodejs --platform-version 20 -p virtualenv_name= --log-file /tmp/build-debug.log  -i /tmp/8de3301f22da5c8 -p compress_node_modules=tar-gz | tee /tmp/oryx-build.log ; exit $PIPESTATUS &quot;" /><!-- duration: 123703ms -->
                    <step title="Using GenericDeploymentLogParser" date="2025-12-04T06:56:23.315" /><!-- duration: 2ms -->
                    <step title="Modified file to trigger a restart of the app container." date="2025-12-04T06:56:24.435" /><!-- duration: 1ms -->
                    <step title="Skip function trigger and logicapp sync because function is not enabled." date="2025-12-04T06:56:24.441" /><!-- duration: 2ms -->
                    <step title="Purge deployment items" date="2025-12-04T06:56:25.541" >
                      <step title="Remove ed83b4aa-, Success, received at 12/02/2025 07:31:04" date="2025-12-04T06:56:25.588" /><!-- duration: 2ms -->
                    </step><!-- duration: 51ms -->
                  </step><!-- duration: 126938ms -->
                </step><!-- duration: 127083ms -->
                <step title="Cleaning up temp files" date="2025-12-04T06:56:25.660" /><!-- duration: 616ms -->
                <step title="Cleaning up temp files" date="2025-12-04T06:56:26.277" /><!-- duration: 521ms -->
                <step title="Reloading status file with latest updates" date="2025-12-04T06:56:26.824" >
                  <step title="WebHooksManager.PublishEventAsync: PostDeployment" date="2025-12-04T06:56:26.826" /><!-- duration: 31ms -->
                </step><!-- duration: 34ms -->
                <step title="Cleaning up temporary deployment - fetch deployment was successful" date="2025-12-04T06:56:26.861" /><!-- duration: 1ms -->
              </step><!-- duration: 128422ms -->
            </step><!-- duration: 129966ms -->
            <step title="Outgoing response" date="2025-12-04T06:56:26.898" type="response" statusCode="200" statusText="OK" /><!-- duration: 2ms -->
          </step><!-- duration: 129975ms -->
