<step title="Incoming Request" date="2025-12-01T06:22:56.259" instance="a3822c" url="/api/publish?type=zip" method="POST" type="request" pid="833,1,61" Accept="*/*" Host="the-anonymous-backend.scm.azurewebsites.net" User-Agent="AZURECLI/2.80.0 (HOMEBREW)" Accept-Encoding="gzip, deflate" Authorization="Bea..." Cache-Control="no-cache" Content-Type="application/octet-stream" Cookie="ARRAffinity=a3822c2d8e6c282e858ccf385ab6ea78b8bef2fd91cc6dcf216d29853550333c; ARRAffinitySameSite=a3822c2d8e6c282e858ccf385ab6ea78b8bef2fd91cc6dcf216d29853550333c" Content-Length="39815" x-ms-client-request-id="25030ff2-ce7e-11f0-9acc-1672c2eade08" x-ms-artifact-checksum="1fdfc340f3e8ac10f45d3225a75992db5c2366869763ca425cfcc7cd63415e52" X-ARR-LOG-ID="25030ff2-ce7e-11f0-9acc-1672c2eade08" CLIENT-IP="36.255.86.187:51924" X-SITE-DEPLOYMENT-ID="the-anonymous-backend" WAS-DEFAULT-HOSTNAME="the-anonymous-backend.scm.azurewebsites.net" X-Forwarded-Proto="https" X-AppService-Proto="https" X-Forwarded-TlsVersion="1.3" X-WAWS-Unencoded-URL="/api/publish?type=zip" X-Client-IP="36.255.86.187" X-Client-Port="51924" >
  <step title="OneDeploy" date="2025-12-01T06:22:56.288" >
    <step title="Starting PushDeployAsync" date="2025-12-01T06:22:56.320" /><!-- duration: 10ms -->
    <step title="Writing artifact to /tmp/zipdeploy/405f3a70-5403-4757-a849-dc875cd4785b.zip" date="2025-12-01T06:22:56.368" >
      <step title="Writing multipart request body to /tmp/zipdeploy/405f3a70-5403-4757-a849-dc875cd4785b.zip" date="2025-12-01T06:22:56.370" /><!-- duration: 20ms -->
    </step><!-- duration: 131ms -->
    <step title="Attempting to fetch target branch HEAD" date="2025-12-01T06:22:56.522" /><!-- duration: 39ms -->
    <step title="Acquiring Deployment Lock" date="2025-12-01T06:22:56.580" /><!-- duration: 20ms -->
    <step title="Acquired Deployment Lock" date="2025-12-01T06:22:56.642" /><!-- duration: 1ms -->
    <step title="Performing fetch based deployment" date="2025-12-01T06:22:56.646" >
      <step title="Creating temporary deployment" date="2025-12-01T06:22:56.647" /><!-- duration: 42ms -->
      <step title="Releasing Deployment Lock" date="2025-12-01T06:22:57.868" /><!-- duration: 2ms -->
      <step title="Cleaning up temp folders from previous zip deployments and extracting pushed zip file /tmp/zipdeploy/405f3a70-5403-4757-a849-dc875cd4785b.zip (0.04 MB) to /tmp/zipdeploy/extracted" date="2025-12-01T06:22:57.905" >
        <step title="ChmodRecursive Process exited with total time taken in ms: 39" date="2025-12-01T06:22:57.987" /><!-- duration: 2ms -->
      </step><!-- duration: 92ms -->
      <step title="None repository commit" date="2025-12-01T06:22:57.998" >
        <step title="Commit id: a73741d2-d98a-4eb6-ab4d-5d6fcdfba108" date="2025-12-01T06:22:58.006" Message="OneDeploy" AuthorName="N/A" AuthorEmail="N/A" /><!-- duration: 2ms -->
      </step><!-- duration: 11ms -->
      <step title="Deployment timer started" date="2025-12-01T06:23:00.032" >
        <step title="DeploymentManager.Deploy(id:a73741d2-d98a-4eb6-ab4d-5d6fcdfba108)" date="2025-12-01T06:23:00.072" >
          <step title="Collecting changeset information" date="2025-12-01T06:23:00.163" /><!-- duration: 581ms -->
          <step title="Updating submodules" date="2025-12-01T06:23:00.836" /><!-- duration: 1449ms -->
          <step title="Determining deployment builder" date="2025-12-01T06:23:03.159" >
            <step title="Builder is OneDeployBuilder" date="2025-12-01T06:23:03.329" /><!-- duration: 22ms -->
          </step><!-- duration: 251ms -->
          <step title="PreDeployment: context.CleanOutputPath False" date="2025-12-01T06:23:03.684" >
            <step title="PreDeployment: context.OutputPath /home/site/wwwroot" date="2025-12-01T06:23:03.923" >
              <step title="Building" date="2025-12-01T06:23:04.136" >
                <step title="Executing external process" date="2025-12-01T06:23:05.200" type="process" path="starter.sh" arguments="/opt/Kudu/Scripts/parallel_rsync.sh /tmp/zipdeploy/extracted /home/site/wwwroot 8 /tmp/ False False  " /><!-- duration: 6708ms -->
                <step title="Modified file to trigger a restart of the app container." date="2025-12-01T06:23:13.403" /><!-- duration: 9ms -->
                <step title="Skip function trigger and logicapp sync because function is not enabled." date="2025-12-01T06:23:13.421" /><!-- duration: 10ms -->
              </step><!-- duration: 10846ms -->
            </step><!-- duration: 11117ms -->
            <step title="Cleaning up temp files" date="2025-12-01T06:23:15.050" /><!-- duration: 3ms -->
            <step title="Cleaning up temp files" date="2025-12-01T06:23:15.081" /><!-- duration: 555ms -->
            <step title="Reloading status file with latest updates" date="2025-12-01T06:23:15.755" >
              <step title="WebHooksManager.PublishEventAsync: PostDeployment" date="2025-12-01T06:23:15.776" /><!-- duration: 71ms -->
            </step><!-- duration: 113ms -->
            <step title="Cleaning up temporary deployment - fetch deployment was successful" date="2025-12-01T06:23:15.885" /><!-- duration: 11ms -->
          </step><!-- duration: 12382ms -->
        </step><!-- duration: 16016ms -->
        <step title="Outgoing response" date="2025-12-01T06:23:16.187" type="response" statusCode="200" statusText="OK" /><!-- duration: 32ms -->
      </step><!-- duration: 16205ms -->
