<step title="Incoming Request" date="2025-12-04T07:13:27.144" instance="a3822c" url="/api/publish?type=zip" method="POST" type="request" pid="833,1,17" Accept="*/*" Host="the-anonymous-backend.scm.azurewebsites.net" User-Agent="AZURECLI/2.80.0 (HOMEBREW)" Accept-Encoding="gzip, deflate" Authorization="Bea..." Cache-Control="no-cache" Content-Type="application/octet-stream" Cookie="ARRAffinity=a3822c2d8e6c282e858ccf385ab6ea78b8bef2fd91cc6dcf216d29853550333c; ARRAffinitySameSite=a3822c2d8e6c282e858ccf385ab6ea78b8bef2fd91cc6dcf216d29853550333c" Content-Length="32218" x-ms-client-request-id="b559eb02-d0e0-11f0-bfdf-1672c2eade08" x-ms-artifact-checksum="ed1db27d9398db765de418e268a46c4457e2a520e927a26d8f7e1e411ed98561" X-ARR-LOG-ID="b559eb02-d0e0-11f0-bfdf-1672c2eade08" CLIENT-IP="165.99.46.241:57767" X-SITE-DEPLOYMENT-ID="the-anonymous-backend" WAS-DEFAULT-HOSTNAME="the-anonymous-backend.scm.azurewebsites.net" X-Forwarded-Proto="https" X-AppService-Proto="https" X-Forwarded-TlsVersion="1.3" X-WAWS-Unencoded-URL="/api/publish?type=zip" X-Client-IP="165.99.46.241" X-Client-Port="57767" >
  <step title="OneDeploy" date="2025-12-04T07:13:27.151" >
    <step title="Starting PushDeployAsync" date="2025-12-04T07:13:27.154" /><!-- duration: 2ms -->
    <step title="Removing node_modules symlink" date="2025-12-04T07:13:27.164" >
      <step title="Writing artifact to /tmp/zipdeploy/430dc226-b6db-4aa3-8dda-fea63633cab8.zip" date="2025-12-04T07:13:27.254" >
        <step title="Writing multipart request body to /tmp/zipdeploy/430dc226-b6db-4aa3-8dda-fea63633cab8.zip" date="2025-12-04T07:13:27.256" /><!-- duration: 7ms -->
      </step><!-- duration: 45ms -->
      <step title="Attempting to fetch target branch HEAD" date="2025-12-04T07:13:27.318" /><!-- duration: 2ms -->
      <step title="Acquiring Deployment Lock" date="2025-12-04T07:13:27.322" /><!-- duration: 5ms -->
      <step title="Acquired Deployment Lock" date="2025-12-04T07:13:27.352" /><!-- duration: 2ms -->
      <step title="Performing fetch based deployment" date="2025-12-04T07:13:27.356" >
        <step title="Creating temporary deployment" date="2025-12-04T07:13:27.358" /><!-- duration: 49ms -->
        <step title="Releasing Deployment Lock" date="2025-12-04T07:13:28.536" /><!-- duration: 8ms -->
        <step title="Cleaning up temp folders from previous zip deployments and extracting pushed zip file /tmp/zipdeploy/430dc226-b6db-4aa3-8dda-fea63633cab8.zip (0.03 MB) to /tmp/zipdeploy/extracted" date="2025-12-04T07:13:28.573" >
          <step title="ChmodRecursive Process exited with total time taken in ms: 41" date="2025-12-04T07:13:28.654" /><!-- duration: 24ms -->
        </step><!-- duration: 108ms -->
        <step title="None repository commit" date="2025-12-04T07:13:28.685" >
          <step title="Commit id: 4cc56b34-7cc6-4343-b676-5a5d3cdb3424" date="2025-12-04T07:13:28.688" Message="OneDeploy" AuthorName="N/A" AuthorEmail="N/A" /><!-- duration: 1ms -->
        </step><!-- duration: 5ms -->
        <step title="Deployment timer started" date="2025-12-04T07:13:30.695" >
          <step title="DeploymentManager.Deploy(id:4cc56b34-7cc6-4343-b676-5a5d3cdb3424)" date="2025-12-04T07:13:30.698" >
            <step title="Collecting changeset information" date="2025-12-04T07:13:30.704" /><!-- duration: 92ms -->
            <step title="Updating submodules" date="2025-12-04T07:13:30.799" /><!-- duration: 1129ms -->
            <step title="Determining deployment builder" date="2025-12-04T07:13:32.172" >
              <step title="Builder is OryxBuilder" date="2025-12-04T07:13:32.179" /><!-- duration: 1ms -->
            </step><!-- duration: 10ms -->
            <step title="PreDeployment: context.CleanOutputPath False" date="2025-12-04T07:13:32.250" >
              <step title="PreDeployment: context.OutputPath /home/site/wwwroot" date="2025-12-04T07:13:32.393" >
                <step title="Building" date="2025-12-04T07:13:32.578" >
                  <step title="Executing external process" date="2025-12-04T07:13:32.968" type="process" path="bash" arguments="-c &quot;oryx build /tmp/zipdeploy/extracted -o /home/site/wwwroot --platform nodejs --platform-version 20 -p virtualenv_name= --log-file /tmp/build-debug.log  -i /tmp/8de3304a1e01549 -p compress_node_modules=tar-gz | tee /tmp/oryx-build.log ; exit $PIPESTATUS &quot;" /><!-- duration: 91591ms -->
                  <step title="Using GenericDeploymentLogParser" date="2025-12-04T07:15:04.963" /><!-- duration: 1ms -->
                  <step title="Modified file to trigger a restart of the app container." date="2025-12-04T07:15:06.343" /><!-- duration: 2ms -->
                  <step title="Skip function trigger and logicapp sync because function is not enabled." date="2025-12-04T07:15:06.347" /><!-- duration: 8ms -->
                  <step title="Purge deployment items" date="2025-12-04T07:15:07.643" >
                    <step title="Remove 74ca3d04-, Success, received at 12/02/2025 07:51:45" date="2025-12-04T07:15:07.703" /><!-- duration: 2ms -->
                  </step><!-- duration: 64ms -->
                </step><!-- duration: 95196ms -->
              </step><!-- duration: 95383ms -->
              <step title="Cleaning up temp files" date="2025-12-04T07:15:07.778" /><!-- duration: 1396ms -->
              <step title="Cleaning up temp files" date="2025-12-04T07:15:09.196" /><!-- duration: 516ms -->
              <step title="Reloading status file with latest updates" date="2025-12-04T07:15:09.798" >
                <step title="WebHooksManager.PublishEventAsync: PostDeployment" date="2025-12-04T07:15:09.801" /><!-- duration: 40ms -->
              </step><!-- duration: 44ms -->
              <step title="Cleaning up temporary deployment - fetch deployment was successful" date="2025-12-04T07:15:09.844" /><!-- duration: 3ms -->
            </step><!-- duration: 97641ms -->
          </step><!-- duration: 99194ms -->
          <step title="Outgoing response" date="2025-12-04T07:15:09.894" type="response" statusCode="200" statusText="OK" /><!-- duration: 1ms -->
        </step><!-- duration: 99202ms -->
