<step title="Incoming Request" date="2025-11-27T12:36:58.599" instance="a3822c" url="/api/publish?type=zip" method="POST" type="request" pid="833,1,27" Accept="*/*" Host="the-anonymous-backend.scm.azurewebsites.net" User-Agent="AZURECLI/2.80.0 (HOMEBREW)" Accept-Encoding="gzip, deflate" Authorization="Bea..." Cache-Control="no-cache" Content-Type="application/octet-stream" Cookie="ARRAffinity=a3822c2d8e6c282e858ccf385ab6ea78b8bef2fd91cc6dcf216d29853550333c; ARRAffinitySameSite=a3822c2d8e6c282e858ccf385ab6ea78b8bef2fd91cc6dcf216d29853550333c" Content-Length="39545" x-ms-client-request-id="bbcb6018-cb8d-11f0-92a3-1672c2eade08" x-ms-artifact-checksum="5b5af23f1d44a3f66591e7108611bae4292f35075ceaf82037de164d1ab64e1b" X-ARR-LOG-ID="bbcb6018-cb8d-11f0-92a3-1672c2eade08" CLIENT-IP="165.99.46.241:64350" X-SITE-DEPLOYMENT-ID="the-anonymous-backend" WAS-DEFAULT-HOSTNAME="the-anonymous-backend.scm.azurewebsites.net" X-Forwarded-Proto="https" X-AppService-Proto="https" X-Forwarded-TlsVersion="1.3" X-WAWS-Unencoded-URL="/api/publish?type=zip" X-Client-IP="165.99.46.241" X-Client-Port="64350" >
  <step title="OneDeploy" date="2025-11-27T12:36:58.626" >
    <step title="Starting PushDeployAsync" date="2025-11-27T12:36:58.630" /><!-- duration: 2ms -->
    <step title="Writing artifact to /tmp/zipdeploy/bf00040f-ef74-4398-b6f3-0fce2315a220.zip" date="2025-11-27T12:36:58.645" >
      <step title="Writing multipart request body to /tmp/zipdeploy/bf00040f-ef74-4398-b6f3-0fce2315a220.zip" date="2025-11-27T12:36:58.647" /><!-- duration: 8ms -->
    </step><!-- duration: 47ms -->
    <step title="Attempting to fetch target branch HEAD" date="2025-11-27T12:36:58.699" /><!-- duration: 1ms -->
    <step title="Acquiring Deployment Lock" date="2025-11-27T12:36:58.702" /><!-- duration: 1ms -->
    <step title="Acquired Deployment Lock" date="2025-11-27T12:36:58.740" /><!-- duration: 9ms -->
    <step title="Performing fetch based deployment" date="2025-11-27T12:36:58.752" >
      <step title="Creating temporary deployment" date="2025-11-27T12:36:58.754" /><!-- duration: 38ms -->
      <step title="Releasing Deployment Lock" date="2025-11-27T12:36:59.958" /><!-- duration: 3ms -->
      <step title="Cleaning up temp folders from previous zip deployments and extracting pushed zip file /tmp/zipdeploy/bf00040f-ef74-4398-b6f3-0fce2315a220.zip (0.04 MB) to /tmp/zipdeploy/extracted" date="2025-11-27T12:37:00.002" >
        <step title="ChmodRecursive Process exited with total time taken in ms: 159" date="2025-11-27T12:37:00.192" /><!-- duration: 2ms -->
      </step><!-- duration: 194ms -->
      <step title="None repository commit" date="2025-11-27T12:37:00.203" >
        <step title="Commit id: 7cda77f9-ee2f-4693-a8e4-5936485bf198" date="2025-11-27T12:37:00.213" Message="OneDeploy" AuthorName="N/A" AuthorEmail="N/A" /><!-- duration: 2ms -->
      </step><!-- duration: 13ms -->
      <step title="Deployment timer started" date="2025-11-27T12:37:02.260" >
        <step title="DeploymentManager.Deploy(id:7cda77f9-ee2f-4693-a8e4-5936485bf198)" date="2025-11-27T12:37:02.298" >
          <step title="Collecting changeset information" date="2025-11-27T12:37:02.410" /><!-- duration: 314ms -->
          <step title="Updating submodules" date="2025-11-27T12:37:02.732" /><!-- duration: 1231ms -->
          <step title="Determining deployment builder" date="2025-11-27T12:37:04.204" >
            <step title="Builder is OneDeployBuilder" date="2025-11-27T12:37:04.226" /><!-- duration: 1ms -->
          </step><!-- duration: 40ms -->
          <step title="PreDeployment: context.CleanOutputPath False" date="2025-11-27T12:37:04.383" >
            <step title="PreDeployment: context.OutputPath /home/site/wwwroot" date="2025-11-27T12:37:04.598" >
              <step title="Building" date="2025-11-27T12:37:04.763" >
                <step title="Executing external process" date="2025-11-27T12:37:05.228" type="process" path="starter.sh" arguments="/opt/Kudu/Scripts/parallel_rsync.sh /tmp/zipdeploy/extracted /home/site/wwwroot 8 /tmp/ False False  " /><!-- duration: 2504ms -->
                <step title="Modified file to trigger a restart of the app container." date="2025-11-27T12:37:08.406" /><!-- duration: 1ms -->
                <step title="Skip function trigger and logicapp sync because function is not enabled." date="2025-11-27T12:37:08.409" /><!-- duration: 1ms -->
              </step><!-- duration: 4923ms -->
            </step><!-- duration: 5188ms -->
            <step title="Cleaning up temp files" date="2025-11-27T12:37:09.816" /><!-- duration: 12ms -->
            <step title="Cleaning up temp files" date="2025-11-27T12:37:09.847" /><!-- duration: 511ms -->
            <step title="Reloading status file with latest updates" date="2025-11-27T12:37:10.411" >
              <step title="WebHooksManager.PublishEventAsync: PostDeployment" date="2025-11-27T12:37:10.420" /><!-- duration: 42ms -->
            </step><!-- duration: 70ms -->
            <step title="Cleaning up temporary deployment - fetch deployment was successful" date="2025-11-27T12:37:10.492" /><!-- duration: 20ms -->
          </step><!-- duration: 6339ms -->
        </step><!-- duration: 8444ms -->
        <step title="Outgoing response" date="2025-11-27T12:37:10.761" type="response" statusCode="200" statusText="OK" /><!-- duration: 10ms -->
      </step><!-- duration: 8513ms -->
