<step title="Incoming Request" date="2025-12-01T11:48:31.371" instance="a3822c" url="/api/publish?type=zip" method="POST" type="request" pid="833,1,64" Accept="*/*" Host="the-anonymous-backend.scm.azurewebsites.net" User-Agent="AZURECLI/2.80.0 (HOMEBREW)" Accept-Encoding="gzip, deflate" Authorization="Bea..." Cache-Control="no-cache" Content-Type="application/octet-stream" Cookie="ARRAffinity=a3822c2d8e6c282e858ccf385ab6ea78b8bef2fd91cc6dcf216d29853550333c; ARRAffinitySameSite=a3822c2d8e6c282e858ccf385ab6ea78b8bef2fd91cc6dcf216d29853550333c" Content-Length="49865" x-ms-client-request-id="a0e41e18-ceab-11f0-a860-1672c2eade08" x-ms-artifact-checksum="07d2bf0671357bc43e52f878ce92c43d9ae42d475372a18ddd1a031b8f47c798" X-ARR-LOG-ID="a0e41e18-ceab-11f0-a860-1672c2eade08" CLIENT-IP="36.255.86.187:49672" X-SITE-DEPLOYMENT-ID="the-anonymous-backend" WAS-DEFAULT-HOSTNAME="the-anonymous-backend.scm.azurewebsites.net" X-Forwarded-Proto="https" X-AppService-Proto="https" X-Forwarded-TlsVersion="1.3" X-WAWS-Unencoded-URL="/api/publish?type=zip" X-Client-IP="36.255.86.187" X-Client-Port="49672" >
  <step title="OneDeploy" date="2025-12-01T11:48:31.404" >
    <step title="Starting PushDeployAsync" date="2025-12-01T11:48:31.463" /><!-- duration: 11ms -->
    <step title="Removing node_modules symlink" date="2025-12-01T11:48:31.504" >
      <step title="Writing artifact to /tmp/zipdeploy/ba30246f-8a0f-417f-b6ee-55d5fa30acd9.zip" date="2025-12-01T11:48:31.584" >
        <step title="Writing multipart request body to /tmp/zipdeploy/ba30246f-8a0f-417f-b6ee-55d5fa30acd9.zip" date="2025-12-01T11:48:31.586" /><!-- duration: 10ms -->
      </step><!-- duration: 53ms -->
      <step title="Attempting to fetch target branch HEAD" date="2025-12-01T11:48:31.644" /><!-- duration: 1ms -->
      <step title="Acquiring Deployment Lock" date="2025-12-01T11:48:31.647" /><!-- duration: 1ms -->
      <step title="Acquired Deployment Lock" date="2025-12-01T11:48:31.686" /><!-- duration: 1ms -->
      <step title="Performing fetch based deployment" date="2025-12-01T11:48:31.690" >
        <step title="Creating temporary deployment" date="2025-12-01T11:48:31.697" /><!-- duration: 70ms -->
        <step title="Releasing Deployment Lock" date="2025-12-01T11:48:32.921" /><!-- duration: 6ms -->
        <step title="Cleaning up temp folders from previous zip deployments and extracting pushed zip file /tmp/zipdeploy/ba30246f-8a0f-417f-b6ee-55d5fa30acd9.zip (0.05 MB) to /tmp/zipdeploy/extracted" date="2025-12-01T11:48:32.968" >
          <step title="ChmodRecursive Process exited with total time taken in ms: 40" date="2025-12-01T11:48:33.068" /><!-- duration: 8ms -->
        </step><!-- duration: 112ms -->
        <step title="None repository commit" date="2025-12-01T11:48:33.098" >
          <step title="Commit id: 369fcbf6-50af-49ef-b85b-3bab0615db47" date="2025-12-01T11:48:33.100" Message="OneDeploy" AuthorName="N/A" AuthorEmail="N/A" /><!-- duration: 1ms -->
        </step><!-- duration: 8ms -->
        <step title="Deployment timer started" date="2025-12-01T11:48:35.110" >
          <step title="DeploymentManager.Deploy(id:369fcbf6-50af-49ef-b85b-3bab0615db47)" date="2025-12-01T11:48:35.113" >
            <step title="Collecting changeset information" date="2025-12-01T11:48:35.146" /><!-- duration: 88ms -->
            <step title="Updating submodules" date="2025-12-01T11:48:35.236" /><!-- duration: 1173ms -->
            <step title="Determining deployment builder" date="2025-12-01T11:48:36.623" >
              <step title="Builder is OneDeployBuilder" date="2025-12-01T11:48:36.634" /><!-- duration: 1ms -->
            </step><!-- duration: 14ms -->
            <step title="PreDeployment: context.CleanOutputPath False" date="2025-12-01T11:48:36.684" >
              <step title="PreDeployment: context.OutputPath /home/site/wwwroot" date="2025-12-01T11:48:36.786" >
                <step title="Building" date="2025-12-01T11:48:36.920" >
                  <step title="Executing external process" date="2025-12-01T11:48:37.367" type="process" path="starter.sh" arguments="/opt/Kudu/Scripts/parallel_rsync.sh /tmp/zipdeploy/extracted /home/site/wwwroot 8 /tmp/ False False  " /><!-- duration: 2531ms -->
                  <step title="Modified file to trigger a restart of the app container." date="2025-12-01T11:48:40.329" /><!-- duration: 10ms -->
                  <step title="Skip function trigger and logicapp sync because function is not enabled." date="2025-12-01T11:48:40.343" /><!-- duration: 14ms -->
                  <step title="Purge deployment items" date="2025-12-01T11:48:41.467" >
                    <step title="Remove c9cd9b32-, Success, received at 11/28/2025 09:50:04" date="2025-12-01T11:48:41.509" /><!-- duration: 1ms -->
                  </step><!-- duration: 45ms -->
                </step><!-- duration: 4661ms -->
              </step><!-- duration: 4797ms -->
              <step title="Cleaning up temp files" date="2025-12-01T11:48:41.584" /><!-- duration: 2ms -->
              <step title="Cleaning up temp files" date="2025-12-01T11:48:41.588" /><!-- duration: 514ms -->
              <step title="Reloading status file with latest updates" date="2025-12-01T11:48:42.131" >
                <step title="WebHooksManager.PublishEventAsync: PostDeployment" date="2025-12-01T11:48:42.133" /><!-- duration: 46ms -->
              </step><!-- duration: 50ms -->
              <step title="Cleaning up temporary deployment - fetch deployment was successful" date="2025-12-01T11:48:42.184" /><!-- duration: 4ms -->
            </step><!-- duration: 5557ms -->
          </step><!-- duration: 7129ms -->
          <step title="Outgoing response" date="2025-12-01T11:48:42.245" type="response" statusCode="200" statusText="OK" /><!-- duration: 1ms -->
        </step><!-- duration: 7138ms -->
