<step title="Incoming Request" date="2025-12-04T07:31:07.493" instance="a3822c" url="/api/publish?type=zip" method="POST" type="request" pid="833,1,22" Accept="*/*" Host="the-anonymous-backend.scm.azurewebsites.net" User-Agent="AZURECLI/2.80.0 (HOMEBREW)" Accept-Encoding="gzip, deflate" Authorization="Bea..." Cache-Control="no-cache" Content-Type="application/octet-stream" Cookie="ARRAffinity=a3822c2d8e6c282e858ccf385ab6ea78b8bef2fd91cc6dcf216d29853550333c; ARRAffinitySameSite=a3822c2d8e6c282e858ccf385ab6ea78b8bef2fd91cc6dcf216d29853550333c" Content-Length="32420" x-ms-client-request-id="2e1cb086-d0e3-11f0-9170-1672c2eade08" x-ms-artifact-checksum="4c3819e1679f69702fcee17e1cff61b98ec2ca0771509e5e0c5c58b86bb99533" X-ARR-LOG-ID="2e1cb086-d0e3-11f0-9170-1672c2eade08" CLIENT-IP="165.99.46.241:59284" X-SITE-DEPLOYMENT-ID="the-anonymous-backend" WAS-DEFAULT-HOSTNAME="the-anonymous-backend.scm.azurewebsites.net" X-Forwarded-Proto="https" X-AppService-Proto="https" X-Forwarded-TlsVersion="1.3" X-WAWS-Unencoded-URL="/api/publish?type=zip" X-Client-IP="165.99.46.241" X-Client-Port="59284" >
  <step title="OneDeploy" date="2025-12-04T07:31:07.503" >
    <step title="Starting PushDeployAsync" date="2025-12-04T07:31:07.506" /><!-- duration: 2ms -->
    <step title="Removing node_modules symlink" date="2025-12-04T07:31:07.514" >
      <step title="Writing artifact to /tmp/zipdeploy/18d6aa40-90b8-4450-ae64-5803ed25a006.zip" date="2025-12-04T07:31:07.574" >
        <step title="Writing multipart request body to /tmp/zipdeploy/18d6aa40-90b8-4450-ae64-5803ed25a006.zip" date="2025-12-04T07:31:07.576" /><!-- duration: 8ms -->
      </step><!-- duration: 78ms -->
      <step title="Attempting to fetch target branch HEAD" date="2025-12-04T07:31:07.657" /><!-- duration: 1ms -->
      <step title="Acquiring Deployment Lock" date="2025-12-04T07:31:07.660" /><!-- duration: 4ms -->
      <step title="Acquired Deployment Lock" date="2025-12-04T07:31:07.681" /><!-- duration: 1ms -->
      <step title="Performing fetch based deployment" date="2025-12-04T07:31:07.686" >
        <step title="Creating temporary deployment" date="2025-12-04T07:31:07.688" /><!-- duration: 87ms -->
        <step title="Releasing Deployment Lock" date="2025-12-04T07:31:08.912" /><!-- duration: 2ms -->
        <step title="Cleaning up temp folders from previous zip deployments and extracting pushed zip file /tmp/zipdeploy/18d6aa40-90b8-4450-ae64-5803ed25a006.zip (0.03 MB) to /tmp/zipdeploy/extracted" date="2025-12-04T07:31:08.980" >
          <step title="ChmodRecursive Process exited with total time taken in ms: 36" date="2025-12-04T07:31:09.071" /><!-- duration: 2ms -->
        </step><!-- duration: 99ms -->
        <step title="None repository commit" date="2025-12-04T07:31:09.091" >
          <step title="Commit id: e500b520-ef4b-438d-8c05-dcb14d85b453" date="2025-12-04T07:31:09.092" Message="OneDeploy" AuthorName="N/A" AuthorEmail="N/A" /><!-- duration: 1ms -->
        </step><!-- duration: 4ms -->
        <step title="Deployment timer started" date="2025-12-04T07:31:11.096" >
          <step title="DeploymentManager.Deploy(id:e500b520-ef4b-438d-8c05-dcb14d85b453)" date="2025-12-04T07:31:11.099" >
            <step title="Collecting changeset information" date="2025-12-04T07:31:11.106" /><!-- duration: 94ms -->
            <step title="Updating submodules" date="2025-12-04T07:31:11.202" /><!-- duration: 1126ms -->
            <step title="Determining deployment builder" date="2025-12-04T07:31:12.536" >
              <step title="Builder is OryxBuilder" date="2025-12-04T07:31:12.540" /><!-- duration: 1ms -->
            </step><!-- duration: 8ms -->
            <step title="PreDeployment: context.CleanOutputPath False" date="2025-12-04T07:31:12.587" >
              <step title="PreDeployment: context.OutputPath /home/site/wwwroot" date="2025-12-04T07:31:12.691" >
                <step title="Building" date="2025-12-04T07:31:12.830" >
                  <step title="Executing external process" date="2025-12-04T07:31:13.130" type="process" path="bash" arguments="-c &quot;oryx build /tmp/zipdeploy/extracted -o /home/site/wwwroot --platform nodejs --platform-version 20 -p virtualenv_name= --log-file /tmp/build-debug.log  -i /tmp/8de330719e5aee5 -p compress_node_modules=tar-gz | tee /tmp/oryx-build.log ; exit $PIPESTATUS &quot;" /><!-- duration: 118154ms -->
                  <step title="Using GenericDeploymentLogParser" date="2025-12-04T07:33:11.626" /><!-- duration: 2ms -->
                  <step title="Modified file to trigger a restart of the app container." date="2025-12-04T07:33:12.832" /><!-- duration: 2ms -->
                  <step title="Skip function trigger and logicapp sync because function is not enabled." date="2025-12-04T07:33:12.836" /><!-- duration: 1ms -->
                  <step title="Purge deployment items" date="2025-12-04T07:33:13.885" >
                    <step title="Remove 58aa524b-, Success, received at 12/02/2025 09:13:41" date="2025-12-04T07:33:13.950" /><!-- duration: 1ms -->
                  </step><!-- duration: 68ms -->
                </step><!-- duration: 121184ms -->
              </step><!-- duration: 121325ms -->
              <step title="Cleaning up temp files" date="2025-12-04T07:33:14.017" /><!-- duration: 685ms -->
              <step title="Cleaning up temp files" date="2025-12-04T07:33:14.729" /><!-- duration: 511ms -->
              <step title="Reloading status file with latest updates" date="2025-12-04T07:33:15.287" >
                <step title="WebHooksManager.PublishEventAsync: PostDeployment" date="2025-12-04T07:33:15.289" /><!-- duration: 23ms -->
              </step><!-- duration: 26ms -->
              <step title="Cleaning up temporary deployment - fetch deployment was successful" date="2025-12-04T07:33:15.315" /><!-- duration: 1ms -->
            </step><!-- duration: 122778ms -->
          </step><!-- duration: 124268ms -->
          <step title="Outgoing response" date="2025-12-04T07:33:15.368" type="response" statusCode="200" statusText="OK" /><!-- duration: 1ms -->
        </step><!-- duration: 124275ms -->
