<step title="Incoming Request" date="2025-12-02T09:13:37.441" instance="a3822c" url="/api/publish?type=zip" method="POST" type="request" pid="833,1,54" Accept="*/*" Host="the-anonymous-backend.scm.azurewebsites.net" User-Agent="AZURECLI/2.80.0 (HOMEBREW)" Accept-Encoding="gzip, deflate" Authorization="Bea..." Cache-Control="no-cache" Content-Type="application/octet-stream" Cookie="ARRAffinity=a3822c2d8e6c282e858ccf385ab6ea78b8bef2fd91cc6dcf216d29853550333c; ARRAffinitySameSite=a3822c2d8e6c282e858ccf385ab6ea78b8bef2fd91cc6dcf216d29853550333c" Content-Length="30767" x-ms-client-request-id="26ad9070-cf5f-11f0-83b0-1672c2eade08" x-ms-artifact-checksum="55883df800f9baa1787c8fc16c97d64d3caff76f5075163edc3ef84827b2c089" X-ARR-LOG-ID="26ad9070-cf5f-11f0-83b0-1672c2eade08" CLIENT-IP="165.99.46.241:55590" X-SITE-DEPLOYMENT-ID="the-anonymous-backend" WAS-DEFAULT-HOSTNAME="the-anonymous-backend.scm.azurewebsites.net" X-Forwarded-Proto="https" X-AppService-Proto="https" X-Forwarded-TlsVersion="1.3" X-WAWS-Unencoded-URL="/api/publish?type=zip" X-Client-IP="165.99.46.241" X-Client-Port="55590" >
  <step title="OneDeploy" date="2025-12-02T09:13:37.445" >
    <step title="Starting PushDeployAsync" date="2025-12-02T09:13:37.453" /><!-- duration: 2ms -->
    <step title="Removing node_modules symlink" date="2025-12-02T09:13:37.462" >
      <step title="Writing artifact to /tmp/zipdeploy/edfe6f5b-0d71-4408-8df9-eea71dd895b7.zip" date="2025-12-02T09:13:37.523" >
        <step title="Writing multipart request body to /tmp/zipdeploy/edfe6f5b-0d71-4408-8df9-eea71dd895b7.zip" date="2025-12-02T09:13:37.524" /><!-- duration: 8ms -->
      </step><!-- duration: 38ms -->
      <step title="Attempting to fetch target branch HEAD" date="2025-12-02T09:13:37.565" /><!-- duration: 1ms -->
      <step title="Acquiring Deployment Lock" date="2025-12-02T09:13:37.568" /><!-- duration: 5ms -->
      <step title="Acquired Deployment Lock" date="2025-12-02T09:13:37.601" /><!-- duration: 2ms -->
      <step title="Performing fetch based deployment" date="2025-12-02T09:13:37.605" >
        <step title="Creating temporary deployment" date="2025-12-02T09:13:37.607" /><!-- duration: 79ms -->
        <step title="Releasing Deployment Lock" date="2025-12-02T09:13:38.817" /><!-- duration: 2ms -->
        <step title="Cleaning up temp folders from previous zip deployments and extracting pushed zip file /tmp/zipdeploy/edfe6f5b-0d71-4408-8df9-eea71dd895b7.zip (0.03 MB) to /tmp/zipdeploy/extracted" date="2025-12-02T09:13:38.849" >
          <step title="ChmodRecursive Process exited with total time taken in ms: 39" date="2025-12-02T09:13:38.926" /><!-- duration: 2ms -->
        </step><!-- duration: 81ms -->
        <step title="None repository commit" date="2025-12-02T09:13:38.936" >
          <step title="Commit id: 58aa524b-4f07-42e5-8ccf-24de1cc7ce3f" date="2025-12-02T09:13:38.937" Message="OneDeploy" AuthorName="N/A" AuthorEmail="N/A" /><!-- duration: 1ms -->
        </step><!-- duration: 6ms -->
        <step title="Deployment timer started" date="2025-12-02T09:13:40.948" >
          <step title="DeploymentManager.Deploy(id:58aa524b-4f07-42e5-8ccf-24de1cc7ce3f)" date="2025-12-02T09:13:40.951" >
            <step title="Collecting changeset information" date="2025-12-02T09:13:40.987" /><!-- duration: 112ms -->
            <step title="Updating submodules" date="2025-12-02T09:13:41.106" /><!-- duration: 1171ms -->
            <step title="Determining deployment builder" date="2025-12-02T09:13:42.524" >
              <step title="Builder is OneDeployBuilder" date="2025-12-02T09:13:42.533" /><!-- duration: 1ms -->
            </step><!-- duration: 12ms -->
            <step title="PreDeployment: context.CleanOutputPath False" date="2025-12-02T09:13:42.589" >
              <step title="PreDeployment: context.OutputPath /home/site/wwwroot" date="2025-12-02T09:13:42.704" >
                <step title="Building" date="2025-12-02T09:13:42.838" >
                  <step title="Executing external process" date="2025-12-02T09:13:43.270" type="process" path="starter.sh" arguments="/opt/Kudu/Scripts/parallel_rsync.sh /tmp/zipdeploy/extracted /home/site/wwwroot 8 /tmp/ False False  " /><!-- duration: 3490ms -->
                  <step title="Modified file to trigger a restart of the app container." date="2025-12-02T09:13:47.164" /><!-- duration: 2ms -->
                  <step title="Skip function trigger and logicapp sync because function is not enabled." date="2025-12-02T09:13:47.167" /><!-- duration: 4ms -->
                  <step title="Purge deployment items" date="2025-12-02T09:13:48.306" >
                    <step title="Remove e9dac415-, Success, received at 12/02/2025 05:43:55" date="2025-12-02T09:13:48.352" /><!-- duration: 1ms -->
                  </step><!-- duration: 49ms -->
                </step><!-- duration: 5586ms -->
              </step><!-- duration: 5722ms -->
              <step title="Cleaning up temp files" date="2025-12-02T09:13:48.428" /><!-- duration: 1ms -->
              <step title="Cleaning up temp files" date="2025-12-02T09:13:48.445" /><!-- duration: 503ms -->
              <step title="Reloading status file with latest updates" date="2025-12-02T09:13:49.053" >
                <step title="WebHooksManager.PublishEventAsync: PostDeployment" date="2025-12-02T09:13:49.055" /><!-- duration: 34ms -->
              </step><!-- duration: 38ms -->
              <step title="Cleaning up temporary deployment - fetch deployment was successful" date="2025-12-02T09:13:49.093" /><!-- duration: 2ms -->
            </step><!-- duration: 6573ms -->
          </step><!-- duration: 8214ms -->
          <step title="Outgoing response" date="2025-12-02T09:13:49.167" type="response" statusCode="200" statusText="OK" /><!-- duration: 2ms -->
        </step><!-- duration: 8221ms -->
