<step title="Incoming Request" date="2025-12-02T10:37:13.346" instance="a3822c" url="/api/publish?type=zip" method="POST" type="request" pid="833,1,48" Accept="*/*" Host="the-anonymous-backend.scm.azurewebsites.net" User-Agent="AZURECLI/2.80.0 (HOMEBREW)" Accept-Encoding="gzip, deflate" Authorization="Bea..." Cache-Control="no-cache" Content-Type="application/octet-stream" Cookie="ARRAffinity=a3822c2d8e6c282e858ccf385ab6ea78b8bef2fd91cc6dcf216d29853550333c; ARRAffinitySameSite=a3822c2d8e6c282e858ccf385ab6ea78b8bef2fd91cc6dcf216d29853550333c" Content-Length="32915" x-ms-client-request-id="d4ca98dc-cf6a-11f0-93ce-1672c2eade08" x-ms-artifact-checksum="35972135e6be9caec9f1ed085ddb0ce8d97ea4c247d08e2b6dc09c892f5dc022" X-ARR-LOG-ID="d4ca98dc-cf6a-11f0-93ce-1672c2eade08" CLIENT-IP="165.99.46.241:49578" X-SITE-DEPLOYMENT-ID="the-anonymous-backend" WAS-DEFAULT-HOSTNAME="the-anonymous-backend.scm.azurewebsites.net" X-Forwarded-Proto="https" X-AppService-Proto="https" X-Forwarded-TlsVersion="1.3" X-WAWS-Unencoded-URL="/api/publish?type=zip" X-Client-IP="165.99.46.241" X-Client-Port="49578" >
  <step title="Cleanup Xml Logs" date="2025-12-02T10:37:13.356" /><!-- duration: 21ms -->
  <step title="OneDeploy" date="2025-12-02T10:37:13.425" >
    <step title="Starting PushDeployAsync" date="2025-12-02T10:37:13.436" /><!-- duration: 2ms -->
    <step title="Removing node_modules symlink" date="2025-12-02T10:37:13.485" >
      <step title="Writing artifact to /tmp/zipdeploy/0e717997-5ace-496d-b71f-60892703d26d.zip" date="2025-12-02T10:37:13.617" >
        <step title="Writing multipart request body to /tmp/zipdeploy/0e717997-5ace-496d-b71f-60892703d26d.zip" date="2025-12-02T10:37:13.626" /><!-- duration: 22ms -->
      </step><!-- duration: 133ms -->
      <step title="Attempting to fetch target branch HEAD" date="2025-12-02T10:37:13.798" /><!-- duration: 20ms -->
      <step title="Acquiring Deployment Lock" date="2025-12-02T10:37:13.839" /><!-- duration: 59ms -->
      <step title="Acquired Deployment Lock" date="2025-12-02T10:37:13.949" /><!-- duration: 10ms -->
      <step title="Performing fetch based deployment" date="2025-12-02T10:37:13.970" >
        <step title="Creating temporary deployment" date="2025-12-02T10:37:13.980" /><!-- duration: 212ms -->
        <step title="Releasing Deployment Lock" date="2025-12-02T10:37:15.519" /><!-- duration: 19ms -->
        <step title="Cleaning up temp folders from previous zip deployments and extracting pushed zip file /tmp/zipdeploy/0e717997-5ace-496d-b71f-60892703d26d.zip (0.03 MB) to /tmp/zipdeploy/extracted" date="2025-12-02T10:37:15.638" >
          <step title="ChmodRecursive Process exited with total time taken in ms: 128" date="2025-12-02T10:37:15.880" /><!-- duration: 2ms -->
        </step><!-- duration: 254ms -->
        <step title="None repository commit" date="2025-12-02T10:37:15.901" >
          <step title="Commit id: 2578a74a-d536-45bf-80ff-b85af7952c73" date="2025-12-02T10:37:15.909" Message="OneDeploy" AuthorName="N/A" AuthorEmail="N/A" /><!-- duration: 2ms -->
        </step><!-- duration: 29ms -->
        <step title="Deployment timer started" date="2025-12-02T10:37:17.952" >
          <step title="DeploymentManager.Deploy(id:2578a74a-d536-45bf-80ff-b85af7952c73)" date="2025-12-02T10:37:17.963" >
            <step title="Collecting changeset information" date="2025-12-02T10:37:18.044" /><!-- duration: 151ms -->
            <step title="Updating submodules" date="2025-12-02T10:37:18.205" /><!-- duration: 1258ms -->
            <step title="Determining deployment builder" date="2025-12-02T10:37:19.858" >
              <step title="Builder is OneDeployBuilder" date="2025-12-02T10:37:19.926" /><!-- duration: 1ms -->
            </step><!-- duration: 78ms -->
            <step title="PreDeployment: context.CleanOutputPath False" date="2025-12-02T10:37:20.038" >
              <step title="PreDeployment: context.OutputPath /home/site/wwwroot" date="2025-12-02T10:37:20.268" >
                <step title="Building" date="2025-12-02T10:37:20.530" >
                  <step title="Executing external process" date="2025-12-02T10:37:21.336" type="process" path="starter.sh" arguments="/opt/Kudu/Scripts/parallel_rsync.sh /tmp/zipdeploy/extracted /home/site/wwwroot 8 /tmp/ False False  " /><!-- duration: 3436ms -->
                  <step title="Modified file to trigger a restart of the app container." date="2025-12-02T10:37:25.173" /><!-- duration: 1ms -->
                  <step title="Skip function trigger and logicapp sync because function is not enabled." date="2025-12-02T10:37:25.176" /><!-- duration: 5ms -->
                  <step title="Purge deployment items" date="2025-12-02T10:37:26.345" >
                    <step title="Remove d6195e47-, Success, received at 12/02/2025 06:20:28" date="2025-12-02T10:37:26.412" /><!-- duration: 1ms -->
                  </step><!-- duration: 69ms -->
                </step><!-- duration: 5965ms -->
              </step><!-- duration: 6230ms -->
              <step title="Cleaning up temp files" date="2025-12-02T10:37:26.499" /><!-- duration: 3ms -->
              <step title="Cleaning up temp files" date="2025-12-02T10:37:26.519" /><!-- duration: 504ms -->
              <step title="Reloading status file with latest updates" date="2025-12-02T10:37:27.064" >
                <step title="WebHooksManager.PublishEventAsync: PostDeployment" date="2025-12-02T10:37:27.065" /><!-- duration: 16ms -->
              </step><!-- duration: 20ms -->
              <step title="Cleaning up temporary deployment - fetch deployment was successful" date="2025-12-02T10:37:27.094" /><!-- duration: 1ms -->
            </step><!-- duration: 7110ms -->
          </step><!-- duration: 9187ms -->
          <step title="Outgoing response" date="2025-12-02T10:37:27.152" type="response" statusCode="200" statusText="OK" /><!-- duration: 1ms -->
        </step><!-- duration: 9202ms -->
