﻿<?xml version="1.0" encoding="utf-8"?>
<deployment>
  <id>fdb6f6be-9553-411a-a192-b66c140400fc</id>
  <author>N/A</author>
  <deployer>OneDeploy</deployer>
  <authorEmail>N/A</authorEmail>
  <message>OneDeploy</message>
  <progress></progress>
  <status>Success</status>
  <statusText></statusText>
  <lastSuccessEndTime>2025-12-02T10:55:11.0074948Z</lastSuccessEndTime>
  <receivedTime>2025-12-02T10:55:04.6841712Z</receivedTime>
  <startTime>2025-12-02T10:55:06.0854416Z</startTime>
  <endTime>2025-12-02T10:55:11.0074948Z</endTime>
  <complete>True</complete>
  <is_temp>False</is_temp>
  <is_readonly>True</is_readonly>
  <buildSummary />
</deployment>