﻿<?xml version="1.0" encoding="utf-8"?>
<deployment>
  <id>c06204b2-7016-4255-9d47-23146bdfe437</id>
  <author>N/A</author>
  <deployer>OneDeploy</deployer>
  <authorEmail>N/A</authorEmail>
  <message>OneDeploy</message>
  <progress></progress>
  <status>Success</status>
  <statusText></statusText>
  <lastSuccessEndTime>2025-12-04T06:56:24.7979099Z</lastSuccessEndTime>
  <receivedTime>2025-12-04T06:54:17.0270038Z</receivedTime>
  <startTime>2025-12-04T06:54:18.3186914Z</startTime>
  <endTime>2025-12-04T06:56:24.7979099Z</endTime>
  <complete>True</complete>
  <is_temp>False</is_temp>
  <is_readonly>True</is_readonly>
  <buildSummary />
</deployment>