﻿<?xml version="1.0" encoding="utf-8"?>
<deployment>
  <id>187ea1ad-ef50-4822-bda7-2bf7141103aa</id>
  <author>N/A</author>
  <deployer>OneDeploy</deployer>
  <authorEmail>N/A</authorEmail>
  <message>OneDeploy</message>
  <progress></progress>
  <status>Success</status>
  <statusText></statusText>
  <lastSuccessEndTime>2025-12-04T07:23:48.0191877Z</lastSuccessEndTime>
  <receivedTime>2025-12-04T07:20:54.6596456Z</receivedTime>
  <startTime>2025-12-04T07:20:56.0491809Z</startTime>
  <endTime>2025-12-04T07:23:48.0191877Z</endTime>
  <complete>True</complete>
  <is_temp>False</is_temp>
  <is_readonly>True</is_readonly>
  <buildSummary />
</deployment>