﻿<?xml version="1.0" encoding="utf-8"?>
<deployment>
  <id>8da5a713-4e21-4041-a139-c78af6fccce2</id>
  <author>N/A</author>
  <deployer>OneDeploy</deployer>
  <authorEmail>N/A</authorEmail>
  <message>OneDeploy</message>
  <progress></progress>
  <status>Success</status>
  <statusText></statusText>
  <lastSuccessEndTime>2025-12-04T07:02:52.8818698Z</lastSuccessEndTime>
  <receivedTime>2025-12-04T07:00:58.7385035Z</receivedTime>
  <startTime>2025-12-04T07:01:00.3023308Z</startTime>
  <endTime>2025-12-04T07:02:52.8818698Z</endTime>
  <complete>True</complete>
  <is_temp>False</is_temp>
  <is_readonly>True</is_readonly>
  <buildSummary />
</deployment>