﻿<?xml version="1.0" encoding="utf-8"?>
<deployment>
  <id>c3260121-6c66-43de-a710-ed23a52fabdd</id>
  <author>N/A</author>
  <deployer>OneDeploy</deployer>
  <authorEmail>N/A</authorEmail>
  <message>OneDeploy</message>
  <progress></progress>
  <status>Success</status>
  <statusText></statusText>
  <lastSuccessEndTime>2025-12-02T11:06:02.7092338Z</lastSuccessEndTime>
  <receivedTime>2025-12-02T11:05:44.3107417Z</receivedTime>
  <startTime>2025-12-02T11:05:45.6836113Z</startTime>
  <endTime>2025-12-02T11:06:02.7092338Z</endTime>
  <complete>True</complete>
  <is_temp>False</is_temp>
  <is_readonly>True</is_readonly>
  <buildSummary />
</deployment>