﻿<?xml version="1.0" encoding="utf-8"?>
<deployment>
  <id>209d2825-430a-46f7-b145-202d02613d59</id>
  <author>N/A</author>
  <deployer>OneDeploy</deployer>
  <authorEmail>N/A</authorEmail>
  <message>OneDeploy</message>
  <progress></progress>
  <status>Success</status>
  <statusText></statusText>
  <lastSuccessEndTime>2025-12-02T09:32:26.5170903Z</lastSuccessEndTime>
  <receivedTime>2025-12-02T09:32:13.2124645Z</receivedTime>
  <startTime>2025-12-02T09:32:14.9915012Z</startTime>
  <endTime>2025-12-02T09:32:26.5170903Z</endTime>
  <complete>True</complete>
  <is_temp>False</is_temp>
  <is_readonly>True</is_readonly>
  <buildSummary />
</deployment>