﻿<?xml version="1.0" encoding="utf-8"?>
<deployment>
  <id>9398660a-4311-4f2a-9e7a-53ae235fee99</id>
  <author>N/A</author>
  <deployer>OneDeploy</deployer>
  <authorEmail>N/A</authorEmail>
  <message>OneDeploy</message>
  <progress></progress>
  <status>Success</status>
  <statusText></statusText>
  <lastSuccessEndTime>2025-12-02T09:49:21.5605448Z</lastSuccessEndTime>
  <receivedTime>2025-12-02T09:49:15.9239128Z</receivedTime>
  <startTime>2025-12-02T09:49:17.2541955Z</startTime>
  <endTime>2025-12-02T09:49:21.5605448Z</endTime>
  <complete>True</complete>
  <is_temp>False</is_temp>
  <is_readonly>True</is_readonly>
  <buildSummary />
</deployment>